단지명,회사명,"공장대표주소(지번, 도로명 주소)",매핑된 업종명
화성동탄일반산업단지,(주)21세기 ,경기도 화성시 방교동 846-6번지,전기전자
화성동탄일반산업단지,(주)가온솔루션,경기도 화성시 방교동 875-3번지,전기전자
화성동탄일반산업단지,(주)경진티알엠,경기도 화성시 방교동 832-4번지,기타
화성동탄일반산업단지,(주)고성엔지니어링,경기도 화성시 방교동 842-5,전기전자
화성동탄일반산업단지,(주)고송이엔지,경기도 화성시 방교동 836-4번지,전기전자
화성동탄일반산업단지,(주)구미,경기도 화성시 방교동 838-11번지,기타
화성동탄일반산업단지,(주)국제종합물류,경기도 화성시 방교동 800-1번지,기타
화성동탄일반산업단지,(주)그래핀랩,경기도 화성시 방교동 839-5,전기전자
화성동탄일반산업단지,(주)그린테크놀로지,경기도 화성시 동탄산단9길 23-6,전기전자
화성동탄일반산업단지,(주)그린파워,경기도 화성시 방교동 832-1번지,전기전자
화성동탄일반산업단지,(주)글로벌디펜스 ,경기도 화성시 방교동 835-3번지,기타
화성동탄일반산업단지,(주)글로벌스탠다드테크놀로지,경기도 화성시 방교동 832-7,전기전자
화성동탄일반산업단지,(주)글로벌스탠다드테크놀로지,경기도 화성시 방교동 832-6,전기전자
화성동탄일반산업단지,(주)글로벌시스템즈 ,경기도 화성시 방교동 798-4번지,전기전자
화성동탄일반산업단지,(주)글로벌엔지니어링 ,경기도 화성시 방교동 835-3번지,전기전자
화성동탄일반산업단지,(주)금강쿼츠,경기도 화성시 방교동 835-6번지,전기전자
화성동탄일반산업단지,(주)금강쿼츠,경기도 화성시 방교동 824-1,전기전자
화성동탄일반산업단지,(주)금강쿼츠,경기도 화성시 방교동 832-5,전기전자
화성동탄일반산업단지,(주)금호아이네트,경기도 화성시 방교동 836-1,전기전자
화성동탄일반산업단지,(주)기가레인,경기도 화성시 방교동 874-3번지,기타
화성동탄일반산업단지,(주)네오이엔지,경기도 화성시 방교동 837-8,전기전자
화성동탄일반산업단지,(주)넥스트테크놀러지,경기도 화성시 방교동 842-6번지,전기전자
화성동탄일반산업단지,(주)넥스틴 ,경기도 화성시 방교동 824-8번지,전기전자
화성동탄일반산업단지,(주)노무라마이크로사이언스코리아,경기도 화성시 방교동 849-10번지,기타
화성동탄일반산업단지,(주)노이드테크,경기도 화성시 방교동 824-2번지,전기전자
화성동탄일반산업단지,(주)다산이엔지,경기도 화성시 방교동 849-3번지,기타
화성동탄일반산업단지,(주)동광테크,경기도 화성시 방교동 797-11번지,기타
화성동탄일반산업단지,(주)동부엘이디 ,경기도 화성시 방교동 837-3,전기전자
화성동탄일반산업단지,(주)동성정밀엘엑스,경기도 화성시 방교동 836-1번지,전기전자
화성동탄일반산업단지,(주)동성테크,경기도 화성시 방교동 840-4번지,전기전자
화성동탄일반산업단지,(주)동탄이엔지,경기도 화성시 방교동 826-4번지,기타
화성동탄일반산업단지,(주)동탄이엔지,경기도 화성시 방교동 836-6,전기전자
화성동탄일반산업단지,(주)디아이씨,경기도 화성시 방교동 836-11동,전기전자
화성동탄일반산업단지,(주)디에스시동탄,경기도 화성시 방교동 781-1,기타
화성동탄일반산업단지,(주)디와츠코리아,경기도 화성시 방교동 839-5,전기전자
화성동탄일반산업단지,(주)디티에이치,경기도 화성시 방교동 826-4,전기전자
화성동탄일반산업단지,(주)디티에이치,경기도 화성시 방교동 836-6,전기전자
화성동탄일반산업단지,(주)딥스마텍,경기도 화성시 방교동 836-6,전기전자
화성동탄일반산업단지,(주)라모스테크놀러지,경기도 화성시 방교동 839-1번지,기타
화성동탄일반산업단지,(주)라모스테크놀러지,경기도 화성시 방교동 839-5,기타
화성동탄일반산업단지,(주)렘퍼스,경기도 화성시 방교동 840-5,전기전자
화성동탄일반산업단지,(주)로보케어,경기도 화성시 방교동 832-6,기타
화성동탄일반산업단지,(주)리모트글로벌,경기도 화성시 방교동 849-5,전기전자
화성동탄일반산업단지,(주)마루라이팅 ,경기도 화성시 방교동 832-5,전기전자
화성동탄일반산업단지,(주)마르스,경기도 화성시 동탄산단2길 46,전기전자
화성동탄일반산업단지,(주)마스 ,경기도 화성시 방교동 846-5번지,전기전자
화성동탄일반산업단지,(주)마스터테크,경기도 화성시 방교동 835-4번지,기타
화성동탄일반산업단지,(주)메이,경기도 화성시 방교동 806-0,전기전자
화성동탄일반산업단지,(주)모토벨로,경기도 화성시 방교동 825-1,기타
화성동탄일반산업단지,(주)뮤텍코리아,경기도 화성시 방교동 826-4번지,기타
화성동탄일반산업단지,(주)미래보,경기도 화성시 방교동 874-9,전기전자
화성동탄일반산업단지,(주)미코,경기도 화성시 방교동 849-1,전기전자
화성동탄일반산업단지,(주)미코,경기도 화성시 방교동 847-1,전기전자
화성동탄일반산업단지,(주)백산이엔지,경기도 화성시 방교동 838-2번지,전기전자
화성동탄일반산업단지,(주)밸류테크 ,경기도 화성시 방교동 827-7,위험물등
화성동탄일반산업단지,(주)베스테크,경기도 화성시 방교동 798-10,전기전자
화성동탄일반산업단지,(주)베스텍,경기도 화성시 방교동 783-2번지,전기전자
화성동탄일반산업단지,(주)브로던,경기도 화성시 방교동 847-2번지,기타
화성동탄일반산업단지,(주)비에스엘,경기도 화성시 방교동 824-4,기타
화성동탄일반산업단지,(주)비올디벨로퍼즈,경기도 화성시 방교동 846-10번지,기타
화성동탄일반산업단지,(주)비와이텍,경기도 화성시 방교동 838-6번지,전기전자
화성동탄일반산업단지,(주)삼양엔씨켐,경기도 화성시 방교동 874-8번지,위험물등
화성동탄일반산업단지,(주)삼우엔지니어링,경기도 화성시 방교동 849-4번지,기타
화성동탄일반산업단지,(주)삼윤,경기도 화성시 방교동 837-4번지,전기전자
화성동탄일반산업단지,(주)삼정오토메이션,경기도 화성시 방교동 840-6번지,전기전자
화성동탄일반산업단지,(주)삼진엘앤디,경기도 화성시 방교동 841-2번지,기타
화성동탄일반산업단지,(주)센서뷰 ,경기도 화성시 방교동 840-5번지,기타
화성동탄일반산업단지,(주)센서뷰 ,경기도 화성시 방교동 842-5번지,기타
화성동탄일반산업단지,(주)셀코스 ,경기도 화성시 방교동 806-0,전기전자
화성동탄일반산업단지,(주)셀피아테크,경기도 화성시 방교동 837-1번지,전기전자
화성동탄일반산업단지,(주)송도테크 ,경기도 화성시 방교동 798-4번지,기타
화성동탄일반산업단지,(주)슈페리어,경기도 화성시 방교동 802-4번지,기타
화성동탄일반산업단지,(주)스카이물류,경기도 화성시 방교동 831-1,기타
화성동탄일반산업단지,(주)스카이즈,경기도 화성시 방교동 849-6,기타
화성동탄일반산업단지,(주)스트라드비젼,경기도 화성시 방교동 797-10번지,전기전자
화성동탄일반산업단지,(주)시노펙스,경기도 화성시 방교동 875-4,기타
화성동탄일반산업단지,(주)시스윈로보틱스,경기도 화성시 방교동 842-1번지,전기전자
화성동탄일반산업단지,(주)시스템알앤디,경기도 화성시 방교동 824-10번지,전기전자
화성동탄일반산업단지,(주)신전,경기도 화성시 방교동 839-7번지,전기전자
화성동탄일반산업단지,(주)신진에스엠 동탄지점,경기도 화성시 방교동 797-8번지,기타
화성동탄일반산업단지,(주)싸이맥스,경기도 화성시 방교동 848-1번지,기타
화성동탄일반산업단지,(주)쏠라딘,경기도 화성시 방교동 875-6,전기전자
화성동탄일반산업단지,(주)씨브이,경기도 화성시 방교동 875-2번지,기타
화성동탄일반산업단지,(주)씨쓰리테크놀로지 ,경기도 화성시 방교동 846-10번지,기타
화성동탄일반산업단지,(주)씨앤씨인터내셔널,경기도 화성시 방교동 798-8 ,기타
화성동탄일반산업단지,(주)씨엔원,경기도 화성시 방교동 875-7번지,전기전자
화성동탄일반산업단지,(주)씨엠테크,경기도 화성시 방교동 846-7번지,전기전자
화성동탄일반산업단지,(주)씨케이피,경기도 화성시 방교동 875-9번지,전기전자
화성동탄일반산업단지,(주)아론테크,경기도 화성시 방교동 798-13,전기전자
화성동탄일반산업단지,(주)아모스,경기도 화성시 방교동 798-5번지,기타
화성동탄일반산업단지,(주)아모스에듀,경기도 화성시 방교동 798-5,기타
화성동탄일반산업단지,(주)아이넥스엠에이티,경기도 화성시 방교동 832-3번지,전기전자
화성동탄일반산업단지,(주)아이지에스,경기도 화성시 방교동 837-8 4층,전기전자
화성동탄일반산업단지,(주)아큐스 ,경기도 화성시 방교동 849-6번지,기타
화성동탄일반산업단지,(주)알엔투테크놀로지,경기도 화성시 방교동 825-6번지,전기전자
화성동탄일반산업단지,(주)알토엔대우 ,경기도 화성시 방교동 825-3번지,전기전자
화성동탄일반산업단지,(주)애거슨,경기도 화성시 방교동 826-10,전기전자
화성동탄일반산업단지,(주)앤에스알시,경기도 화성시 방교동 837-6,전기전자
화성동탄일반산업단지,(주)에바(EVAR),경기도 화성시 방교동 798-1번지,전기전자
화성동탄일반산업단지,(주)에버텍엔터프라이즈,경기도 화성시 방교동 843-5번지,전기전자
화성동탄일반산업단지,(주)에스디레이,경기도 화성시 방교동 827-4번지,기타
화성동탄일반산업단지,(주)에스디옵틱스,경기도 화성시 방교동 849-9번지,기타
화성동탄일반산업단지,(주)에스알티,경기도 화성시 방교동 840-2번지,기타
화성동탄일반산업단지,(주)에스엠티코리아,경기도 화성시 방교동 843-6번지,전기전자
화성동탄일반산업단지,(주)에스유아이씨티 ,경기도 화성시 방교동 837-8번지 ,전기전자
화성동탄일반산업단지,(주)에스제이오토메이션,경기도 화성시 방교동 849-9,기타
화성동탄일반산업단지,(주)에스지엔지,경기도 화성시 방교동 843-2번지,기타
화성동탄일반산업단지,(주)에스프라임,경기도 화성시 방교동 846-2 ,기타
화성동탄일반산업단지,(주)에이디에스테크 ,경기도 화성시 방교동 826-6번지,기타
화성동탄일반산업단지,(주)에이씨에스,경기도 화성시 방교동 875-8번지,전기전자
화성동탄일반산업단지,(주)에이엠텍,경기도 화성시 방교동 797-9번지,기타
화성동탄일반산업단지,(주)에이치씨테크,경기도 화성시 방교동 837-10번지,전기전자
화성동탄일반산업단지,(주)에이치엔씨,경기도 화성시 방교동 826-8,전기전자
화성동탄일반산업단지,(주)에이치와이씨코리아,경기도 화성시 방교동 875-10,전기전자
화성동탄일반산업단지,(주)에이텍솔루션,경기도 화성시 방교동 875-5번지,전기전자
화성동탄일반산업단지,(주)에이피에스,경기도 화성시 방교동 824-8,전기전자
화성동탄일반산업단지,(주)에이피피,경기도 화성시 방교동 846-3번지,전기전자
화성동탄일반산업단지,(주)에프에스티,경기도 화성시 방교동 832-8번지,전기전자
화성동탄일반산업단지,(주)에프에스티,경기도 화성시 방교동 783-3번지,전기전자
화성동탄일반산업단지,(주)에프에스티,경기도 화성시 방교동 832-2,전기전자
화성동탄일반산업단지,(주)에프엠에스코리아,경기도 화성시 방교동 874-12번지,기타
화성동탄일반산업단지,(주)엔에스티,경기도 화성시 방교동 785-2번지,전기전자
화성동탄일반산업단지,(주)엘케이엔지니어링,경기도 화성시 방교동 836-2번지,전기전자
화성동탄일반산업단지,(주)엠씨웍스 ,경기도 화성시 방교동 849-8번지,기타
화성동탄일반산업단지,(주)엠아이티시스템  ,경기도 화성시 동탄면 방교리 835-9번지,전기전자
화성동탄일반산업단지,(주)엠에스티코퍼레이션 ,경기도 화성시 방교동 827-6,위험물등
화성동탄일반산업단지,(주)엠에이케이,경기도 화성시 방교동 797-8번지,기타
화성동탄일반산업단지,(주)엠투엔 전장사업부,경기도 화성시 방교동 843-3번지,전기전자
화성동탄일반산업단지,(주)영공 오산지점,경기도 화성시 방교동 800-2번지,기타
화성동탄일반산업단지,(주)예승이엔지,경기도 화성시 방교동 875-10,전기전자
화성동탄일반산업단지,(주)오메가텍 ,경기도 화성시 방교동 798-4번지,기타
화성동탄일반산업단지,(주)오엠티,경기도 화성시 방교동 785-6번지,전기전자
화성동탄일반산업단지,(주)와이케이신터링,경기도 화성시 방교동 796-4,기타
화성동탄일반산업단지,(주)우양코퍼레이션,경기도 화성시 방교동 798-8,전기전자
화성동탄일반산업단지,(주)원하우징,경기도 화성시 방교동 843-1,기타
화성동탄일반산업단지,(주)위드텍,경기도 화성시 방교동 785-10번지,전기전자
화성동탄일반산업단지,(주)유니온,경기도 화성시 방교동 803-5,기타
화성동탄일반산업단지,(주)유닉스엔지니어링,경기도 화성시 방교동 796-3,기타
화성동탄일반산업단지,(주)유에스티,경기도 화성시 방교동 849-5,기타
화성동탄일반산업단지,(주)유진메디케어,경기도 화성시 방교동 798-3,기타
화성동탄일반산업단지,(주)은성산업,경기도 화성시 방교동 843-4,전기전자
화성동탄일반산업단지,(주)이랜텍,경기도 화성시 방교동 841-1번지,기타
화성동탄일반산업단지,(주)이랜텍,경기도 화성시 방교동 796-5,기타
화성동탄일반산업단지,(주)이레에프에이,경기도 화성시 방교동 837-7번지,전기전자
화성동탄일반산업단지,(주)이엔씨테크놀로지,경기도 화성시 방교동 831-3,전기전자
화성동탄일반산업단지,(주)이엠텍 동탄 사업장,경기도 화성시 방교동 824-4번지,전기전자
화성동탄일반산업단지,(주)이젠,경기도 화성시 방교동 840-5,전기전자
화성동탄일반산업단지,(주)이즈컨텍,경기도 화성시 방교동 838-5,전기전자
화성동탄일반산업단지,(주)인터텍,경기도 화성시 방교동 846-8번지,전기전자
화성동탄일반산업단지,(주)일진정공,경기도 화성시 방교동 831-1,기타
화성동탄일반산업단지,(주)자비스 ,경기도 화성시 방교동 824-2,기타
화성동탄일반산업단지,(주)저스템,경기도 화성시 방교동 785-9번지,전기전자
화성동탄일반산업단지,(주)제너럴도크,경기도 화성시 방교동 796-5번지,기타
화성동탄일반산업단지,(주)제너코트,경기도 화성시 방교동 796-2번지,기타
화성동탄일반산업단지,(주)제이오션,경기도 화성시 방교동 874-1번지,전기전자
화성동탄일반산업단지,(주)제이케이시스템즈 ,경기도 화성시 동탄기흥로 152 (방교동),운송장비
화성동탄일반산업단지,(주)조인솔루션,경기도 화성시 방교동 837-2번지,전기전자
화성동탄일반산업단지,(주)지알테크 ,경기도 화성시 방교동 798-9번지,기타
화성동탄일반산업단지,(주)진솔루션,경기도 화성시 방교동 874-4번지,전기전자
화성동탄일반산업단지,(주)진양MTS,경기도 화성시 방교동 827-2번지,목재종이출판
화성동탄일반산업단지,(주)찬구화학,경기도 화성시 방교동 839-7,전기전자
화성동탄일반산업단지,(주)창공에프에이,경기도 화성시 방교동 800-6,기타
화성동탄일반산업단지,(주)케이랩,경기도 화성시 방교동 800-4번지,전기전자
화성동탄일반산업단지,(주)케이에스티이   ,경기도 화성시 방교동 797-2번지,전기전자
화성동탄일반산업단지,(주)케이엘테크코퍼레이션,경기도 화성시 방교동 836-4번지,전기전자
화성동탄일반산업단지,(주)케이제이테크놀로지,경기도 화성시 방교동 874-14,기타
화성동탄일반산업단지,(주)케이피엠테크놀러지 ,경기도 화성시 방교동 874-5번지,기타
화성동탄일반산업단지,(주)케이피텍,경기도 화성시 방교동 798-12번지,전기전자
화성동탄일반산업단지,(주)코리아인스트루먼트,경기도 화성시 방교동 839-2번지,전기전자
화성동탄일반산업단지,(주)코리아인스트루먼트,경기도 화성시 방교동 800-5번지,전기전자
화성동탄일반산업단지,(주)코메코아이엔티,경기도 화성시 방교동 846-2,전기전자
화성동탄일반산업단지,(주)코스메디크 ,경기도 화성시 방교동 824-2번지,전기전자
화성동탄일반산업단지,(주)코엔시스 ,경기도 화성시 방교동 836-4번지,기타
화성동탄일반산업단지,(주)크레픽,경기도 화성시 방교동 824-5번지,전기전자
화성동탄일반산업단지,(주)키프코우주항공,경기도 화성시 방교동 847-2,기타
화성동탄일반산업단지,(주)킨텍코리아,경기도 화성시 방교동 874-5번지,기타
화성동탄일반산업단지,(주)킵코레이더,경기도 화성시 방교동 847-2,기타
화성동탄일반산업단지,(주)태서렉트프로퍼티즈,경기도 화성시 방교동 829-1번지,기타
화성동탄일반산업단지,(주)태성운송종합상사,경기도 화성시 방교동 803-1번지,기타
화성동탄일반산업단지,(주)태인에프앤씨 ,경기도 화성시 방교동 797-10번지,기타
화성동탄일반산업단지,(주)태형,경기도 화성시 방교동 797-6,전기전자
화성동탄일반산업단지,(주)테라메카,경기도 화성시 방교동 837-4번지,전기전자
화성동탄일반산업단지,(주)테크윙,경기도 화성시 방교동 836-7번지,전기전자
화성동탄일반산업단지,(주)테크윙,경기도 화성시 방교동 831-3번지,전기전자
화성동탄일반산업단지,(주)투윈테크,경기도 화성시 방교동 849-2번지,전기전자
화성동탄일반산업단지,(주)트라코월드,경기도 화성시 방교동 875-1번지,기타
화성동탄일반산업단지,(주)트리즈엔지니어링,경기도 화성시 방교동 797-9,전기전자
화성동탄일반산업단지,(주)티베라,경기도 화성시 동탄면 0번지 동탄일반산업단지 7-3블럭,전기전자
화성동탄일반산업단지,(주)티아이에스 ,경기도 화성시 방교동 832-9,전기전자
화성동탄일반산업단지,(주)티에스시,경기도 화성시 방교동 797-4,전기전자
화성동탄일반산업단지,(주)티에스피글로벌,경기도 화성시 방교동 784-1번지,전기전자
화성동탄일반산업단지,(주)팀즈,경기도 화성시 방교동 840-1번지,전기전자
화성동탄일반산업단지,(주)파라이엔티,경기도 화성시 방교동 842-5번지,전기전자
화성동탄일반산업단지,(주)페코텍,경기도 화성시 방교동 800-4,기타
화성동탄일반산업단지,(주)프로스코,경기도 화성시 방교동 835-1번지,위험물등
화성동탄일반산업단지,(주)플렉스파워,경기도 화성시 방교동 832-1,전기전자
화성동탄일반산업단지,(주)피앤에이치,경기도 화성시 방교동 803-4번지,기타
화성동탄일반산업단지,(주)하나로티앤에스,경기도 화성시 방교동 842-3,기타
화성동탄일반산업단지,(주)하나티이씨,경기도 화성시 동탄면 0번지 동탄일반산업단지 21-1(B/L),전기전자
화성동탄일반산업단지,(주)하이텍,경기도 화성시 방교동 840-1,전기전자
화성동탄일반산업단지,(주)하이트로닉스 ,경기도 화성시 방교동 846-1번지,전기전자
화성동탄일반산업단지,(주)한국산업모형,경기도 화성시 방교동 785-8번지,기타
화성동탄일반산업단지,(주)한성엔지니어링,경기도 화성시 방교동 826-9번지,전기전자
화성동탄일반산업단지,(주)한송M&T,경기도 화성시 방교동 835-5번지,기타
화성동탄일반산업단지,(주)한텍시스템,경기도 화성시 방교동 837-9번지,전기전자
화성동탄일반산업단지,(주)해든,경기도 화성시 방교동 826-3번지,전기전자
화성동탄일반산업단지,(주)호산기술,경기도 화성시 방교동 797-9,기타
화성동탄일반산업단지,AP시스템(주)제2사업장,경기도 화성시 방교동 824-8번지,전기전자
화성동탄일반산업단지,K.S테크,경기도 화성시 방교동 840-1,기타
화성동탄일반산업단지,PLUS엔지니어링,경기도 화성시 방교동 827-1번지,목재종이출판
화성동탄일반산업단지,YK TEC,경기도 화성시 방교동 796-4,기타
화성동탄일반산업단지,광흥에스피(주) ,경기도 화성시 방교동 838-12번지,기타
화성동탄일반산업단지,광흥종합기계,경기도 화성시 방교동 838-12번지,기타
화성동탄일반산업단지,금영산업,경기도 화성시 방교동 837-3번지,전기전자
화성동탄일반산업단지,금호전기 주식회사,경기도 화성시 방교동 837-8,기타
화성동탄일반산업단지,나노세미콘(주),경기도 화성시 방교동 837-3번지,전기전자
화성동탄일반산업단지,네오텍,경기도 화성시 방교동 874-15번지,기타
화성동탄일반산업단지,넥스타테크놀로지(주),경기도 화성시 동탄면 방교리 740-183번지,기타
화성동탄일반산업단지,다산엔지니어링,경기도 화성시 방교동 849-3번지,기타
화성동탄일반산업단지,대한고열공업(주),경기도 화성시 방교동 832-10,기타
화성동탄일반산업단지,대형정밀(주),경기도 화성시 방교동 847-3번지,전기전자
화성동탄일반산업단지,대흥사,경기도 화성시 방교동 848-2번지,기타
화성동탄일반산업단지,덕일산업(주) 중앙연구소 ,경기도 화성시 방교동 874-6번지,전기전자
화성동탄일반산업단지,동양엔지니어링,경기도 화성시 방교동 831-2번지,운송장비
화성동탄일반산업단지,동우씨엔피 주식회사,경기도 화성시 방교동 825-4번지,기타
화성동탄일반산업단지,동탄,경기도 화성시 방교동 845,기타
화성동탄일반산업단지,두타아이티 주식회사 ,경기도 화성시 방교동 825-3번지,전기전자
화성동탄일반산업단지,디앤에스아이홀딩스(주),경기도 화성시 방교동 825-3번지,기타
화성동탄일반산업단지,디에스아이테크,경기도 화성시 방교동 797-7번지,전기전자
화성동탄일반산업단지,디엠디스플레이(주),경기도 화성시 방교동 842-2,기타
화성동탄일반산업단지,란테크(주),경기도 화성시 방교동 840-1번지,기타
화성동탄일반산업단지,레이저쎌(주),경기도 화성시 방교동 839-6,전기전자
화성동탄일반산업단지,리베라프라자,경기도 화성시 방교동 778-1번지,기타
화성동탄일반산업단지,멜콘(주),경기도 화성시 방교동 824-3번지,기타
화성동탄일반산업단지,미르호(주),경기도 화성시 방교동 846-6번지,기타
화성동탄일반산업단지,범한유니솔루션(주),경기도 화성시 방교동 846-4번지,기타
화성동탄일반산업단지,브라운앤드왓슨인터내셔널(유),경기도 화성시 방교동 825-3번지,운송장비
화성동탄일반산업단지,삼성기전(주),경기도 화성시 동탄면 826-1번지,전기전자
화성동탄일반산업단지,삼성전자로지텍(주),경기도 화성시 방교동 800-1,기타
화성동탄일반산업단지,삼영씨티(주),경기도 화성시 방교동 846-9,기타
화성동탄일반산업단지,삼우정공,경기도 화성시 방교동 832-5,기타
화성동탄일반산업단지,상원로지스틱(주),경기도 화성시 방교동 802-3번지,기타
화성동탄일반산업단지,새한프라스틱,경기도 화성시 방교동 835-8,위험물등
화성동탄일반산업단지,서원조명공업(주),경기도 화성시 방교동 826-2번지,전기전자
화성동탄일반산업단지,서진산업,경기도 화성시 방교동 798-1번지,운송장비
화성동탄일반산업단지,성복산업,경기도 화성시 방교동 838-1,전기전자
화성동탄일반산업단지,성신이엔지,경기도 화성시 방교동 837-8,전기전자
화성동탄일반산업단지,성원정밀,경기도 화성시 방교동 796-3,기타
화성동탄일반산업단지,성준전기(주),경기도 화성시 방교동 874-11번지,전기전자
화성동탄일반산업단지,세흥 지이티이에스(주),경기도 화성시 방교동 837-5,기타
화성동탄일반산업단지,세흥지이티이에스(주),경기도 화성시 방교동 874-13번지,기타
화성동탄일반산업단지,솔바이더,경기도 화성시 방교동 837-8,전기전자
화성동탄일반산업단지,솔테크놀로지(주),경기도 화성시 방교동 798-8,기타
화성동탄일반산업단지,수성지엔(주) ,경기도 화성시 동탄산단9길 9-7,전기전자
화성동탄일반산업단지,스카니아코리아그룹(주),경기도 화성시 동탄면 831-4번지,기타
화성동탄일반산업단지,스프레딩센트컴퍼니(주),경기도 화성시 방교동 798-1번지,기타
화성동탄일반산업단지,신오금형,경기도 화성시 방교동 838-7번지,기타
화성동탄일반산업단지,아레이몬드 유한회사 ,경기도 화성시 방교동 835-9번지,위험물등
화성동탄일반산업단지,아리공구,경기도 화성시 방교동 798-7번지,기타
화성동탄일반산업단지,아이텍(주),경기도 화성시 방교동 839-4,전기전자
화성동탄일반산업단지,알프스,경기도 화성시 방교동 875-10,전기전자
화성동탄일반산업단지,어플라이드 머티어리얼즈 코리아(주),경기도 화성시 방교동 801,전기전자
화성동탄일반산업단지,에스에스아이,경기도 화성시 방교동 836-5번지,전기전자
화성동탄일반산업단지,에스케이케미칼(주),경기도 화성시 방교동 874-7번지,기타
화성동탄일반산업단지,에이티시스템(주),경기도 화성시 방교동 875-9번지,전기전자
화성동탄일반산업단지,에이피시스템(주),경기도 화성시 방교동 826-5,전기전자
화성동탄일반산업단지,에이피에스리서치(주),경기도 화성시 방교동 824-8,전기전자
화성동탄일반산업단지,엘씨스퀘어(주),경기도 화성시 방교동 838-3번지,기타
화성동탄일반산업단지,엘토로,경기도 화성시 방교동 835-3,전기전자
화성동탄일반산업단지,엠에스피씨코리아유한회사,경기도 화성시 방교동 785-1번지,전기전자
화성동탄일반산업단지,엠플러스,경기도 화성시 방교동 842-5,전기전자
화성동탄일반산업단지,연우정밀,경기도 화성시 방교동 800-8,기타
화성동탄일반산업단지,연우정밀(주),경기도 화성시 방교동 800-8,기타
화성동탄일반산업단지,오벌엔지니어링(주),경기도 화성시 방교동 797-6,기타
화성동탄일반산업단지,와이지다이아몬드,경기도 화성시 방교동 800-5번지,기타
화성동탄일반산업단지,워트(주),경기도 화성시 방교동 783-1번지,전기전자
화성동탄일반산업단지,유비파워,경기도 화성시 방교동 846-4번지,전기전자
화성동탄일반산업단지,이레산업기계,경기도 화성시 방교동 837-7,기타
화성동탄일반산업단지,이레이엔지 주식회사,경기도 화성시 방교동 838-8,기타
화성동탄일반산업단지,이룸기술(주),경기도 화성시 방교동 797-2번지,기타
화성동탄일반산업단지,이화다이아몬드공업(주),경기도 화성시 동탄면 송리 277-2번지,기타
화성동탄일반산업단지,장수정밀,경기도 화성시 방교동 874-2번지,기타
화성동탄일반산업단지,제이씨엘테크(주),경기도 화성시 방교동 797-9,전기전자
화성동탄일반산업단지,제이엠아이(주),경기도 화성시 방교동 827-4번지,목재종이출판
화성동탄일반산업단지,제일이엔지,경기도 화성시 방교동 840-1,기타
화성동탄일반산업단지,주식회사 비앤피디,경기도 화성시 방교동 803-3,기타
화성동탄일반산업단지,주식회사 시노펙스바이오필터,경기도 화성시 방교동 875-4,기타
화성동탄일반산업단지,주식회사 쓰리디엠,경기도 화성시 방교동 837-5,전기전자
화성동탄일반산업단지,주식회사 알프스,경기도 화성시 방교동 875-10,전기전자
화성동탄일반산업단지,주식회사 이솔 ,경기도 화성시 방교동 783-3번지,전기전자
화성동탄일반산업단지,주식회사 일산,경기도 화성시 방교동 837-5번지,전기전자
화성동탄일반산업단지,주식회사 피케이아이,경기도 화성시 방교동 784-1번지,전기전자
화성동탄일반산업단지,지에이에셋코리아(주),경기도 화성시 송동 507번지,기타
화성동탄일반산업단지,지이티시스템(주),경기도 화성시 방교동 826-7번지,전기전자
화성동탄일반산업단지,진성정밀,경기도 화성시 방교동 832-12,전기전자
화성동탄일반산업단지,천공도크(주),경기도 화성시 방교동 840-5,기타
화성동탄일반산업단지,청송테크노,경기도 화성시 방교동 838-9,기타
화성동탄일반산업단지,카츠라기코리아(주),경기도 화성시 방교동 849-10번지,기타
화성동탄일반산업단지,칸트론(주),경기도 화성시 방교동 839-6,전기전자
화성동탄일반산업단지,컴테크써지(주),경기도 화성시 방교동 839-3번지,전기전자
화성동탄일반산업단지,케이티우드,경기도 화성시 방교동 843-1,기타
화성동탄일반산업단지,케이프라자,경기도 화성시 방교동 779-1번지,기타
화성동탄일반산업단지,코닉오토메이션(주),경기도 화성시 방교동 874-10,전기전자
화성동탄일반산업단지,코닉오토메이션(주),경기도 화성시 방교동 824-8,기타
화성동탄일반산업단지,코오롱인더스트리(주),경기도 화성시 방교동 782,기타
화성동탄일반산업단지,크레플(주),경기도 화성시 방교동 841-2번지,기타
화성동탄일반산업단지,타임프로토,경기도 화성시 방교동 798-11,위험물등
화성동탄일반산업단지,태양정밀,경기도 화성시 방교동 800-7,기타
화성동탄일반산업단지,투스템(주),경기도 화성시 방교동 838-4번지,전기전자
화성동탄일반산업단지,파이니스트(주),경기도 화성시 방교동 796-1,기타
화성동탄일반산업단지,팸텍(주),경기도 화성시 방교동 824-5번지,전기전자
화성동탄일반산업단지,팸텍(주),경기도 화성시 방교동 832-9,전기전자
화성동탄일반산업단지,하나레이저테크(주) ,경기도 화성시 방교동 781-2번지,기타
화성동탄일반산업단지,하나산업(주),경기도 화성시 방교동 842-4번지,전기전자
화성동탄일반산업단지,하나산업(주),경기도 화성시 방교동 796-2번지,기타
화성동탄일반산업단지,하나산업(주),경기도 화성시 방교동 781-3번지,기타
화성동탄일반산업단지,한국야마자키마작(주),경기도 화성시 방교동 838-13,기타
화성동탄일반산업단지,한국에스지에스(주),경기도 화성시 방교동 781-3,기타
화성동탄일반산업단지,한국에스지에스(주) ,경기도 화성시 방교동 781-2번지,기타
화성동탄일반산업단지,한국지역난방공사 동탄지사,경기도 화성시 방교동 830번지,기타
화성동탄일반산업단지,한솔아이원스(주),경기도 화성시 방교동 797-3번지,전기전자
화성동탄일반산업단지,한양몰드(주),경기도 화성시 방교동 835-7번지,기타
화성동탄일반산업단지,한양엠텍(주),경기도 화성시 방교동 797-5번지,기타
화성동탄일반산업단지,한양정공,경기도 화성시 방교동 798-13,기타
화성동탄일반산업단지,한일프라콘(주) 동탄공장,경기도 화성시 방교동 835-2,위험물등
화성동탄일반산업단지,한화에너지(주),경기도 화성시 방교동 840-3번지,기타
화성동탄일반산업단지,현대모비스(주),경기도 화성시 방교동 805-2,기타
화성동탄일반산업단지,황제프리시젼(유),경기도 화성시 방교동 798-6번지,기타
화성마도일반산업단지,(주)가야 ,경기도 화성시 마도면 쌍송리 667번지,전기전자
화성마도일반산업단지,(주)경민,경기도 화성시 마도면 쌍송리 692-5 ,기타
화성마도일반산업단지,(주)경인엠제이시스템,경기도 화성시 마도면 쌍송리 674-3번지,기타
화성마도일반산업단지,(주)구일,경기도 화성시 마도면 쌍송리 661-5번지,기타
화성마도일반산업단지,(주)그라코머시너리,경기도 화성시 마도면 쌍송리 677-4,목재종이출판
화성마도일반산업단지,(주)그린알텍,경기도 화성시 마도면 쌍송리 676-4번지,기타
화성마도일반산업단지,(주)근영,경기도 화성시 마도면 쌍송리 675번지,기타
화성마도일반산업단지,(주)글로벌플랜트,경기도 화성시 마도면 쌍송리 683-9번지,기타
화성마도일반산업단지,(주)네오엔텍,경기도 화성시 마도면 쌍송리 691-11,기타
화성마도일반산업단지,(주)다산솔루에타,경기도 화성시 마도면 쌍송리 683-5,기타
화성마도일반산업단지,(주)다산카이스,경기도 화성시 마도면 쌍송리 683-5,기타
화성마도일반산업단지,(주)다우산,경기도 화성시 마도면 쌍송리 691-1번지,기타
화성마도일반산업단지,(주)다우산,경기도 화성시 마도면 쌍송리 683-3번지,운송장비
화성마도일반산업단지,(주)대화알로이테크,경기도 화성시 마도면 쌍송리 678-7번지,기타
화성마도일반산업단지,(주)동우파워텍,경기도 화성시 마도면 쌍송리 마도지방산업단지 10블럭 4롯트,전기전자
화성마도일반산업단지,(주)드림스틸,경기도 화성시 마도면 쌍송리 683-6,기타
화성마도일반산업단지,(주)디케이 ,경기도 화성시 마도면 쌍송리 692-9번지,기타
화성마도일반산업단지,(주)명진강업,경기도 화성시 마도면 쌍송리 674번지,기타
화성마도일반산업단지,(주)문고리닷컴 ,경기도 화성시 마도면 쌍송리 676-1번지,기타
화성마도일반산업단지,(주)미래코리아 화성공장,경기도 화성시 마도면 쌍송리 676-4번지,기타
화성마도일반산업단지,(주)미호이.엔.씨,경기도 화성시 마도면 쌍송리 672-1번지,기타
화성마도일반산업단지,(주)비상이노텍,경기도 화성시 마도면 쌍송리 692-5,기타
화성마도일반산업단지,(주)삼강비앤씨,경기도 화성시 마도면 쌍송리 692-2,기타
화성마도일반산업단지,(주)삼주,경기도 화성시 마도면 쌍송리 684-5번지,기타
화성마도일반산업단지,(주)서원 화성공장,경기도 화성시 마도면 쌍송리 666-1번지,기타
화성마도일반산업단지,(주)서진경금속,경기도 화성시 마도면 쌍송리 665,기타
화성마도일반산업단지,(주)설악전기 ,경기도 화성시 마도면 쌍송리 691-11번지,기타
화성마도일반산업단지,(주)성실엔지니어링,경기도 화성시 마도면 쌍송리 675-3번지,기타
화성마도일반산업단지,(주)성실엔지니어링,경기도 화성시 마도면 쌍송리 665-1번지,기타
화성마도일반산업단지,(주)성실엠와이,경기도 화성시 마도면 쌍송리 675-3,기타
화성마도일반산업단지,(주)성실엠와이,경기도 화성시 마도면 쌍송리 675-9,기타
화성마도일반산업단지,(주)성일금속,경기도 화성시 마도면 쌍송리 684-4번지,기타
화성마도일반산업단지,(주)세아그린텍,경기도 화성시 마도면 쌍송리 674-2번지,기타
화성마도일반산업단지,(주)승신,경기도 화성시 마도면 쌍송리 677-6번지,기타
화성마도일반산업단지,(주)신아인더스트리,경기도 화성시 마도면 쌍송리 675-2,기타
화성마도일반산업단지,(주)아이에스오토 화성지점,경기도 화성시 마도면 쌍송리 667-3번지,운송장비
화성마도일반산업단지,(주)아이엠첨단소재,경기도 화성시 마도면 쌍송리 674-3,전기전자
화성마도일반산업단지,(주)아템,경기도 화성시 마도면 쌍송리 683-6 번지,전기전자
화성마도일반산업단지,(주)에스에스에코텍,경기도 화성시 마도면 쌍송리 676-3번지,기타
화성마도일반산업단지,(주)에스엔디코퍼레이션,경기도 화성시 마도면 쌍송리 692-9번지,기타
화성마도일반산업단지,(주)에이디엠,경기도 화성시 마도면 쌍송리 677-4번지,기타
화성마도일반산업단지,(주)에이스정공,경기도 화성시 마도면 쌍송리 마도지방산업단지 8블럭9롯트,기타
화성마도일반산업단지,(주)에치케이씨,경기도 화성시 마도면 쌍송리 678-1번지,기타
화성마도일반산업단지,(주)엔원테크,경기도 화성시 마도면 쌍송리 683-9,기타
화성마도일반산업단지,(주)엠테크놀로지,경기도 화성시 마도면 쌍송리 672-5,기타
화성마도일반산업단지,(주)영동,경기도 화성시 마도면 쌍송리 666-3번지,기타
화성마도일반산업단지,(주)영산볼트,경기도 화성시 마도면 쌍송리 691-10,기타
화성마도일반산업단지,(주)영신금속,경기도 화성시 마도면 쌍송리 691-6번지,기타
화성마도일반산업단지,(주)오션코리아,경기도 화성시 마도면 쌍송리 675-10,전기전자
화성마도일반산업단지,(주)오티사이언스,경기도 화성시 마도면 쌍송리 666-4,기타
화성마도일반산업단지,(주)우리기술,경기도 화성시 마도면 쌍송리 664-2번지,기타
화성마도일반산업단지,(주)우성에이디엠,경기도 화성시 마도면 쌍송리 666번지,기타
화성마도일반산업단지,(주)우진에어텍,경기도 화성시 마도면 쌍송리 690-6,기타
화성마도일반산업단지,(주)유진이엔티,경기도 화성시 마도면 쌍송리 677-3번지 677-3번지,기타
화성마도일반산업단지,(주)육인테크,경기도 화성시 마도면 쌍송리 666-6번지,기타
화성마도일반산업단지,(주)이누테크,경기도 화성시 마도면 쌍송리 675-4,기타
화성마도일반산업단지,(주)이앤에프(ENF),경기도 화성시 마도면 쌍송리 664-1번지,운송장비
화성마도일반산업단지,(주)이엑스피 ,경기도 화성시 마도면 쌍송리 672-5번지,기타
화성마도일반산업단지,(주)이열보드,경기도 화성시 마도면 쌍송리 683-9 번지,기타
화성마도일반산업단지,(주)전기로공업 ,경기도 화성시 마도면 쌍송리 677-9번지,기타
화성마도일반산업단지,(주)정금형,경기도 화성시 마도면 쌍송리 675-5번지,기타
화성마도일반산업단지,(주)제이아이엠티,경기도 화성시 마도면 쌍송리 683-7,기타
화성마도일반산업단지,(주)중앙하이프론 ,경기도 화성시 마도면 쌍송리 692-10번지,기타
화성마도일반산업단지,(주)지엠이노텍,경기도 화성시 마도면 쌍송리 666-2번지,전기전자
화성마도일반산업단지,(주)지엠이노텍,경기도 화성시 마도면 쌍송리 666-7,기타
화성마도일반산업단지,(주)진웅테크놀러지,경기도 화성시 마도면 쌍송리 678-1번지,전기전자
화성마도일반산업단지,(주)진주메이트,경기도 화성시 마도면 쌍송리 664-6,운송장비
화성마도일반산업단지,(주)창대기업,경기도 화성시 마도면 쌍송리 684,기타
화성마도일반산업단지,(주)켐프론테크 ,경기도 화성시 마도면 쌍송리 692-10번지,기타
화성마도일반산업단지,(주)코메트,경기도 화성시 마도면 쌍송리 684-2번지,기타
화성마도일반산업단지,(주)태종,경기도 화성시 마도면 쌍송리 690-6,기타
화성마도일반산업단지,(주)파라,경기도 화성시 마도면 쌍송리 664-3 번지,운송장비
화성마도일반산업단지,(주)포스젯한도,경기도 화성시 마도면 쌍송리 677-7번지,기타
화성마도일반산업단지,(주)포엔,경기도 화성시 마도면 쌍송리 667-4번지,전기전자
화성마도일반산업단지,(주)퓨처코어 화성지점,경기도 화성시 마도면 쌍송리 667-1번지,전기전자
화성마도일반산업단지,(주)하나이엠아이,경기도 화성시 마도면 쌍송리 664-1번지,운송장비
화성마도일반산업단지,(주)한강엔지니어링,경기도 화성시 마도면 쌍송리 677-8번지,기타
화성마도일반산업단지,(주)한성GT,경기도 화성시 마도면 쌍송리 375-4번지,기타
화성마도일반산업단지,(주)해밀이엔지,경기도 화성시 마도면 쌍송리 677-2,목재종이출판
화성마도일반산업단지,(주)화성비엔텍,경기도 화성시 마도면 쌍송리 691-11번지,기타
화성마도일반산업단지,갈롤코리아(주),경기도 화성시 마도면 쌍송리 683번지,기타
화성마도일반산업단지,강원코일센타,경기도 화성시 마도면 쌍송리 665-5번지,기타
화성마도일반산업단지,경성,경기도 화성시 마도면 쌍송리 674-1번지,기타
화성마도일반산업단지,경신테크,경기도 화성시 마도면 쌍송리 663-2번지,기타
화성마도일반산업단지,고원테크,경기도 화성시 마도면 쌍송리 677-5,기타
화성마도일반산업단지,규원산업(주),경기도 화성시 마도면 쌍송리 683-5,기타
화성마도일반산업단지,금강변압기,경기도 화성시 마도면 쌍송리 691번지,기타
화성마도일반산업단지,금풍산업,경기도 화성시 마도면 쌍송리 667-7번지,기타
화성마도일반산업단지,대경에스코(주),경기도 화성시 마도면 쌍송리 678-2,기타
화성마도일반산업단지,대광산업기계(주),경기도 화성시 마도면 쌍송리 675-2번지,기타
화성마도일반산업단지,대명기업,경기도 화성시 마도면 쌍송리 690-1번지,기타
화성마도일반산업단지,대성금속 ,경기도 화성시 마도면 쌍송리 672-7번지,기타
화성마도일반산업단지,대성정공 ,경기도 화성시 마도면 쌍송리 675-11번지,기타
화성마도일반산업단지,대성테크,경기도 화성시 마도면 쌍송리 675-11 번지,기타
화성마도일반산업단지,대성화학기계,경기도 화성시 마도면 쌍송리 691-7번지,기타
화성마도일반산업단지,대영산기,경기도 화성시 마도면 쌍송리 692-7번지,기타
화성마도일반산업단지,대원정밀공업(주),경기도 화성시 마도면 쌍송리 674-2번지,기타
화성마도일반산업단지,대유라디에터공업(주),경기도 화성시 마도면 쌍송리 676번지,기타
화성마도일반산업단지,대진기업(주),경기도 화성시 마도면 쌍송리 691-5번지,기타
화성마도일반산업단지,대진볼트공업(주),경기도 화성시 마도면 쌍송리 672번지,기타
화성마도일반산업단지,대진볼트공업(주),경기도 화성시 마도면 쌍송리 672-6번지,기타
화성마도일반산업단지,대화콘베어체인,경기도 화성시 마도면 쌍송리 690번지,기타
화성마도일반산업단지,동영산업(주),경기도 화성시 마도면 쌍송리 692-4번지,운송장비
화성마도일반산업단지,미성산업,경기도 화성시 마도면 쌍송리 672-2번지,기타
화성마도일반산업단지,미우산업,경기도 화성시 마도면 쌍송리 664-5,운송장비
화성마도일반산업단지,백천스틸(주),경기도 화성시 마도면 쌍송리 690-2,기타
화성마도일반산업단지,본하이테크(주),경기도 화성시 마도면 쌍송리 683-8번지,기타
화성마도일반산업단지,본하이테크(주),경기도 화성시 마도면 쌍송리 684-1번지,기타
화성마도일반산업단지,부경진공,경기도 화성시 마도면 쌍송리 665-2번지,기타
화성마도일반산업단지,비씨씨(주),경기도 화성시 마도면 쌍송리 684-6번지,기타
화성마도일반산업단지,선호기업,경기도 화성시 마도면 쌍송리 690-6번지,기타
화성마도일반산업단지,성보P&T(주),경기도 화성시 마도면 쌍송리 663-1번지,운송장비
화성마도일반산업단지,성산건설(주),경기도 화성시 마도면 쌍송리 666-7번지,기타
화성마도일반산업단지,세기인더스 주식회사,경기도 화성시 마도면 쌍송리 665-2,기타
화성마도일반산업단지,세원펀칭,경기도 화성시 마도면 쌍송리 591-51번지,전기전자
화성마도일반산업단지,승우카공업사,경기도 화성시 마도면 쌍송리 662번지,기타
화성마도일반산업단지,신덕산업(주),경기도 화성시 마도면 쌍송리 675-6,기타
화성마도일반산업단지,신라파이어(주),경기도 화성시 마도면 쌍송리 683-4번지,기타
화성마도일반산업단지,신성소재(주),경기도 화성시 마도면 쌍송리 691-8번지,기타
화성마도일반산업단지,신정엔지니어링(주),경기도 화성시 마도면 쌍송리 692-2,기타
화성마도일반산업단지,씨앤아이기계공업(주),경기도 화성시 마도면 쌍송리 675-2번지,기타
화성마도일반산업단지,알로이메탈산업,경기도 화성시 마도면 쌍송리 665-4,기타
화성마도일반산업단지,에이앤피산업(주),경기도 화성시 마도면 쌍송리 676-7번지,기타
화성마도일반산업단지,에이앤피산업(주),경기도 화성시 마도면 쌍송리 676-6번지,기타
화성마도일반산업단지,에이치제이씨(주),경기도 화성시 마도면 쌍송리 690-3,기타
화성마도일반산업단지,에이텍 주식회사,경기도 화성시 마도면 쌍송리 690-1,기타
화성마도일반산업단지,에이피아이(주),경기도 화성시 마도면 쌍송리 690-2,운송장비
화성마도일반산업단지,에프디시스(주),경기도 화성시 마도면 쌍송리 667-2,기타
화성마도일반산업단지,예성,경기도 화성시 마도면 쌍송리 675-7번지,운송장비
화성마도일반산업단지,오유테크코리아,경기도 화성시 마도면 쌍송리 664-7,기타
화성마도일반산업단지,와산업(주) ,경기도 화성시 마도면 쌍송리 692-6번지,기타
화성마도일반산업단지,위버텍(주),경기도 화성시 마도면 쌍송리 674-3번지,전기전자
화성마도일반산업단지,유원메탈,경기도 화성시 마도면 마도공단로4길 46-20,기타
화성마도일반산업단지,은혜정밀(주),경기도 화성시 마도면 쌍송리 691-2,기타
화성마도일반산업단지,인알파코리아(주),경기도 화성시 마도면 쌍송리 664-4,운송장비
화성마도일반산업단지,인알파코리아(주),경기도 화성시 마도면 쌍송리 667-5번지,운송장비
화성마도일반산업단지,인알파코리아(주),경기도 화성시 마도면 쌍송리 674,기타
화성마도일반산업단지,전기로공업,경기도 화성시 마도면 쌍송리 677-9번지,기타
화성마도일반산업단지,제이엠테크닉스(주),경기도 화성시 마도면 쌍송리 675-1번지,기타
화성마도일반산업단지,제일이엔에스(주) 화성공장,경기도 화성시 마도면 쌍송리 667-6번지,기타
화성마도일반산업단지,젬코텍,경기도 화성시 마도면 쌍송리 683번지,기타
화성마도일반산업단지,주식회사 동기피엔아이,경기도 화성시 마도면 쌍송리 663-2번지,운송장비
화성마도일반산업단지,주식회사 비앤에이,경기도 화성시 마도면 쌍송리 676-3,기타
화성마도일반산업단지,주식회사 아민,경기도 화성시 마도면 쌍송리 691-9,기타
화성마도일반산업단지,주식회사블루그린,경기도 화성시 마도면 쌍송리 676-3,기타
화성마도일반산업단지,지코아시아 주식회사 ,경기도 화성시 마도면 쌍송리 675-2번지,기타
화성마도일반산업단지,지테크산업(주),경기도 화성시 마도면 쌍송리 684-3번지,기타
화성마도일반산업단지,지테크산업(주),경기도 화성시 마도면 쌍송리 684-4번지,기타
화성마도일반산업단지,진영철강(주),경기도 화성시 마도면 쌍송리 678-7번지,기타
화성마도일반산업단지,창현공조,경기도 화성시 마도면 쌍송리 692-3,기타
화성마도일반산업단지,캐럿앤빈,경기도 화성시 마도면 쌍송리 690-3,기타
화성마도일반산업단지,코웨이엔텍 주식회사  ,경기도 화성시 마도면 쌍송리 672-4,기타
화성마도일반산업단지,태양기어,경기도 화성시 마도면 쌍송리 674-4,기타
화성마도일반산업단지,태흥유압,경기도 화성시 마도면 쌍송리 690-1번지,기타
화성마도일반산업단지,티엠씨테크,경기도 화성시 마도면 쌍송리 690-4번지,기타
화성마도일반산업단지,플러스에이원(주) ,경기도 화성시 마도면 쌍송리 692-7번지,기타
화성마도일반산업단지,한강에너지 태양광발전소 ,경기도 화성시 마도면 쌍송리 677-8번지,기타
화성마도일반산업단지,한국터치스크린(주),경기도 화성시 마도면 쌍송리 667-2,전기전자
화성마도일반산업단지,한국파렛트풀(주),경기도 화성시 마도면 쌍송리 678-4번지,기타
화성마도일반산업단지,한국파렛트풀(주),경기도 화성시 마도면 쌍송리 678-3번지,기타
화성마도일반산업단지,한성,경기도 화성시 마도면 쌍송리 675-4번지,기타
화성마도일반산업단지,한스(주),경기도 화성시 마도면 쌍송리 마도산업단지 2블럭 10롯트,기타
화성마도일반산업단지,한양종합기계,경기도 화성시 마도면 쌍송리 692-1,기타
화성마도일반산업단지,한이금속(주),경기도 화성시 마도면 쌍송리 678,기타
화성마도일반산업단지,한일기계공업(주),경기도 화성시 마도면 쌍송리 691-10번지 ,기타
화성마도일반산업단지,해성메탈 ,경기도 화성시 마도면 쌍송리 672-7번지,기타
화성마도일반산업단지,핸즈식스(주),경기도 화성시 마도면 쌍송리 682번지,운송장비
화성마도일반산업단지,핸즈식스(주),경기도 화성시 마도면 쌍송리 682-1번지,운송장비
화성마도일반산업단지,핸즈식스(주) ,경기도 화성시 마도면 쌍송리 678-6번지,기타
화성마도일반산업단지,혁성정밀,경기도 화성시 마도면 쌍송리 692-8,기타
화성마도일반산업단지,현대ENG,경기도 화성시 마도면 쌍송리 692,기타
화성마도일반산업단지,흥광테크(주),경기도 화성시 마도면 쌍송리 678-3번지,기타
화성마도일반산업단지,흥국공업(주),경기도 화성시 마도면 쌍송리 676-5번지,기타
화성발안일반산업단지,(사)한국교통장애인협회사업부,경기도 화성시 향남읍 구문천리 926-6번지,전기전자
화성발안일반산업단지,(주)21하이테크,경기도 화성시 향남읍 구문천리 933-3번지,기타
화성발안일반산업단지,(주)YG산업,경기도 화성시 향남읍 구문천리 934-7번지,기타
화성발안일반산업단지,(주)건강사랑,경기도 화성시 향남읍 하길리 1407-3,기타
화성발안일반산업단지,(주)건영테크 지점,경기도 화성시 향남읍 구문천리 930-16,기타
화성발안일반산업단지,(주)구두레인터내셔날,경기도 화성시 향남읍 구문천리 935-2번지,기타
화성발안일반산업단지,(주)국전약품,경기도 화성시 향남읍 하길리 1408-3 번지,기타
화성발안일반산업단지,(주)국전약품,경기도 화성시 향남읍 하길리 1408-16,기타
화성발안일반산업단지,(주)글로이스,경기도 화성시 향남읍 구문천리 935-9번지,전기전자
화성발안일반산업단지,(주)금강테크,경기도 화성시 향남읍 구문천리 935-5,전기전자
화성발안일반산업단지,(주)나이스텍,경기도 화성시 향남읍 하길리 1403-6번지,기타
화성발안일반산업단지,(주)남영공조시스템이엔지,경기도 화성시 향남읍 하길리 1406-7번지,기타
화성발안일반산업단지,(주)네오유디유,경기도 화성시 향남읍 구문천리번지 발안지방산업단지 6-10블럭,기타
화성발안일반산업단지,(주)네오페이퍼,경기도 화성시 향남읍 구문천리 932-13번지,기타
화성발안일반산업단지,(주)뉴파워프라즈마,경기도 화성시 향남읍 구문천리 935-11,전기전자
화성발안일반산업단지,(주)다원산업,경기도 화성시 향남읍 구문천리 923-1번지,목재종이출판
화성발안일반산업단지,(주)대성시스템,경기도 화성시 향남읍 구문천리 935-10,기타
화성발안일반산업단지,(주)대성일렉트로닉스,경기도 화성시 향남읍 하길리 1406-28,전기전자
화성발안일반산업단지,(주)대아씨앤아이,경기도 화성시 마도면 쌍송리 683-2번지,기타
화성발안일반산업단지,(주)대일씨에프티,경기도 화성시 향남읍 구문천리 926-5번지,전기전자
화성발안일반산업단지,(주)대진조명,경기도 화성시 향남읍 하길리 1412-1번지,전기전자
화성발안일반산업단지,(주)대한테크,경기도 화성시 향남읍 구문천리 930-7번지,기타
화성발안일반산업단지,(주)대호호이스트크레인,경기도 화성시 향남읍 하길리 1408-11번지,기타
화성발안일반산업단지,(주)대흥,경기도 화성시 향남읍 구문천리 936-9번지,전기전자
화성발안일반산업단지,(주)덕우산업,경기도 화성시 향남읍 구문천리 932-5번지,기타
화성발안일반산업단지,(주)도어텍,경기도 화성시 향남읍 구문천리 936-6번지,전기전자
화성발안일반산업단지,(주)도어텍,경기도 화성시 향남읍 구문천리 926-3번지,기타
화성발안일반산업단지,(주)도원정공,경기도 화성시 향남읍 구문천리 930-15번지,기타
화성발안일반산업단지,(주)두민,경기도 화성시 향남읍 하길리 1411-6번지,전기전자
화성발안일반산업단지,(주)두산퓨얼셀파워,경기도 화성시 향남읍 하길리 1405-9번지,전기전자
화성발안일반산업단지,(주)두손에이에스,경기도 화성시 향남읍 구문천리 932-2번지,기타
화성발안일반산업단지,(주)두테크,경기도 화성시 향남읍 구문천리 926-4번지,기타
화성발안일반산업단지,(주)디에스피엠,경기도 화성시 향남읍 하길리 1412-6번지,기타
화성발안일반산업단지,(주)디엠에스티 ,경기도 화성시 향남읍 하길리 1412-12번지,기타
화성발안일반산업단지,(주)디와이엘씨디,경기도 화성시 향남읍 하길리 1408-8번지,기타
화성발안일반산업단지,(주)디제이엠텍,경기도 화성시 향남읍 구문천리 932-22번지,전기전자
화성발안일반산업단지,(주)매니머치에코테크,경기도 화성시 향남읍 구문천리 928번지,기타
화성발안일반산업단지,(주)명우,경기도 화성시 향남읍 구문천리 932-10번지,기타
화성발안일반산업단지,(주)모스펙,경기도 화성시 향남읍 구문천리 921-3번지,기타
화성발안일반산업단지,(주)모아 플레이팅,경기도 화성시 향남읍 구문천리 930-16,기타
화성발안일반산업단지,(주)무아정밀,경기도 화성시 향남읍 구문천리 930-14,기타
화성발안일반산업단지,(주)바로나스틸,경기도 화성시 향남읍 구문천리 930-14번지,기타
화성발안일반산업단지,(주)바로나스틸,경기도 화성시 향남읍 구문천리 935-24번지,기타
화성발안일반산업단지,(주)백상에스티,경기도 화성시 향남읍 구문천리 925-4번지,목재종이출판
화성발안일반산업단지,(주)백스코,경기도 화성시 향남읍 구문천리 926-10 번지,기타
화성발안일반산업단지,(주)백웅,경기도 화성시 향남읍 하길리 1406-15번지,기타
화성발안일반산업단지,(주)백웅,경기도 화성시 향남읍 하길리 1406-14번지,기타
화성발안일반산업단지,(주)베스틴,경기도 화성시 향남읍 구문천리 935-16번지,기타
화성발안일반산업단지,(주)보광씨티,경기도 화성시 향남읍 구문천리 929-9번지,기타
화성발안일반산업단지,(주)부성엘티에스,경기도 화성시 향남읍 하길리 1406-12번지,기타
화성발안일반산업단지,(주)부성엘티에스,경기도 화성시 향남읍 하길리 1412-14번지,기타
화성발안일반산업단지,(주)부일테크 발안지점,경기도 화성시 향남읍 구문천리 930-16번지,기타
화성발안일반산업단지,(주)비엔엠,경기도 화성시 향남읍 구문천리 936-8번지,전기전자
화성발안일반산업단지,(주)비즈니스보루네오,경기도 화성시 향남읍 구문천리 923-1번지,목재종이출판
화성발안일반산업단지,(주)삼이송메탈,경기도 화성시 향남읍 발안공단로1길 29,기타
화성발안일반산업단지,(주)상원이엔지 ,경기도 화성시 향남읍 하길리 1412-16번지,기타
화성발안일반산업단지,(주)상지정밀 2공장,경기도 화성시 향남읍 하길리 1407-4번지,기타
화성발안일반산업단지,(주)선우피엔이,경기도 화성시 향남읍 발안지방산업단지 20블럭 1롯트,기타
화성발안일반산업단지,(주)선일파워트레인,경기도 화성시 향남읍 구문천리 930-2번지,기타
화성발안일반산업단지,(주)성원엔지니어링,경기도 화성시 향남읍 구문천리 930-7번지,기타
화성발안일반산업단지,(주)성한정공,경기도 화성시 향남읍 구문천리 930-15번지,기타
화성발안일반산업단지,(주)성화인더스트리,경기도 화성시 향남읍 구문천리 930-1,위험물등
화성발안일반산업단지,(주)세계테크원 ,경기도 화성시 향남읍 구문천리 929-19번지,전기전자
화성발안일반산업단지,(주)세광산업조명,경기도 화성시 향남읍 구문천리 930-14번지,기타
화성발안일반산업단지,(주)세영,경기도 화성시 향남읍 구문천리 933-2번지,운송장비
화성발안일반산업단지,(주)세영테크,경기도 화성시 향남읍 구문천리 932-15번지,운송장비
화성발안일반산업단지,(주)솔로몬몰드,경기도 화성시 향남읍 구문천리 922-9번지,기타
화성발안일반산업단지,(주)수일금속,경기도 화성시 향남읍 구문천리 930-7번지,기타
화성발안일반산업단지,(주)수자원미터텍,경기도 화성시 향남읍 구문천리 922-8,기타
화성발안일반산업단지,(주)시엠에프랩,경기도 화성시 향남읍 구문천리 930-7번지,기타
화성발안일반산업단지,(주)시지바이오 ,경기도 화성시 향남읍 하길리 1404-1번지,기타
화성발안일반산업단지,(주)신광산업,경기도 화성시 향남읍 구문천리 922-1,목재종이출판
화성발안일반산업단지,(주)신라테크윈,경기도 화성시 향남읍 구문천리 928-8,기타
화성발안일반산업단지,(주)신성피씨 ,경기도 화성시 향남읍 구문천리 932-15번지,기타
화성발안일반산업단지,(주)신세기컨테이너,경기도 화성시 향남읍 구문천리 921,기타
화성발안일반산업단지,(주)신아금속 ,경기도 화성시 향남읍 구문천리 930-10번지,기타
화성발안일반산업단지,(주)신일승강기 ,경기도 화성시 향남읍 구문천리 929-19번지,기타
화성발안일반산업단지,(주)싸이노스,경기도 화성시 향남읍 구문천리 930-17,전기전자
화성발안일반산업단지,(주)싸이노스,경기도 화성시 향남읍 구문천리 930-4번지,전기전자
화성발안일반산업단지,(주)싸이노스,경기도 화성시 향남읍 구문천리 930-13번지,기타
화성발안일반산업단지,(주)씨에스티,경기도 화성시 향남읍 구문천리 921-1,기타
화성발안일반산업단지,(주)씨케이솔루션 ,경기도 화성시 향남읍 구문천리 928-13번지,전기전자
화성발안일반산업단지,(주)아셈,경기도 화성시 향남읍 구문천리 921-8번지,기타
화성발안일반산업단지,(주)아셈텍,경기도 화성시 향남읍 구문천리 929-3번지,기타
화성발안일반산업단지,(주)아셈텍,경기도 화성시 향남읍 구문천리 929-21번지,기타
화성발안일반산업단지,(주)애드인,경기도 화성시 향남읍 구문천리 921-7,기타
화성발안일반산업단지,(주)에스디메카텍,경기도 화성시 향남읍 구문천리 923-6,기타
화성발안일반산업단지,(주)에스디메카텍,경기도 화성시 향남읍 구문천리 926-7,전기전자
화성발안일반산업단지,(주)에스아이디어코스틱,경기도 화성시 향남읍 하길리 1403-5번지,기타
화성발안일반산업단지,(주)에스아이디어코스틱,경기도 화성시 향남읍 구문천리 935-15,전기전자
화성발안일반산업단지,(주)에스에이치팜,경기도 화성시 향남읍 하길리 1408-4번지,기타
화성발안일반산업단지,(주)에스에이티이노베이션,경기도 화성시 향남읍 구문천리 923-3번지,기타
화성발안일반산업단지,(주)에스에프케이 ,경기도 화성시 향남읍 하길리 1405-6번지,기타
화성발안일반산업단지,(주)에스테크솔루션 ,경기도 화성시 향남읍 구문천리 930-16,기타
화성발안일반산업단지,(주)에이마크,경기도 화성시 향남읍 하길리 1407-1번지,기타
화성발안일반산업단지,(주)에이앤아이,경기도 화성시 향남읍 구문천리 934번지,전기전자
화성발안일반산업단지,(주)에이치제이,경기도 화성시 향남읍 구문천리 928-1번지,전기전자
화성발안일반산업단지,(주)에이치제이,경기도 화성시 향남읍 구문천리 928-4,기타
화성발안일반산업단지,(주)에이치제이 ,경기도 화성시 향남읍 구문천리 928-5번지,전기전자
화성발안일반산업단지,(주)에이치케이(HK)정공,경기도 화성시 향남읍 구문천리 934-7,기타
화성발안일반산업단지,(주)에이티이엔지,경기도 화성시 향남읍 구문천리 932-5번지,기타
화성발안일반산업단지,(주)에코위더스 화성공장,경기도 화성시 향남읍 구문천리 929-10,음식료
화성발안일반산업단지,(주)에코파트너스,경기도 화성시 향남읍 하길리 1406-26,기타
화성발안일반산업단지,(주)엑시아머티리얼스,경기도 화성시 향남읍 구문천리 930-11번지,기타
화성발안일반산업단지,(주)엘림하이드로,경기도 화성시 향남읍 구문천리 925-1번지,기타
화성발안일반산업단지,(주)엠에스더블유,경기도 화성시 향남읍 하길리 1407-7번지,기타
화성발안일반산업단지,(주)엠제이산업,경기도 화성시 향남읍 구문천리 928-7번지,기타
화성발안일반산업단지,(주)영진경판,경기도 화성시 향남읍 구문천리 935-19,기타
화성발안일반산업단지,(주)오에스티,경기도 화성시 향남읍 하길리 1403-4번지,기타
화성발안일반산업단지,(주)오에스티,경기도 화성시 향남읍 하길리 1403-1번지,기타
화성발안일반산업단지,(주)와이아이테크닉스,경기도 화성시 향남읍 구문천리 932-19번지,전기전자
화성발안일반산업단지,(주)와이에스더블유,경기도 화성시 향남읍 하길리 1407-7,기타
화성발안일반산업단지,(주)우신열처리,경기도 화성시 향남읍 구문천리 932-2번지,기타
화성발안일반산업단지,(주)우진이엔지,경기도 화성시 향남읍 구문천리 935-26,전기전자
화성발안일반산업단지,(주)우창기업,경기도 화성시 향남읍 구문천리 933-5번지,운송장비
화성발안일반산업단지,(주)원세미콘 발안공장,경기도 화성시 향남읍 구문천리 928-10,전기전자
화성발안일반산업단지,(주)원풍약품상사,경기도 화성시 향남읍 하길리 1408-10번지,기타
화성발안일반산업단지,(주)웰크론한텍,경기도 화성시 향남읍 구문천리 925-1번지,목재종이출판
화성발안일반산업단지,(주)위드엘씨,경기도 화성시 향남읍 구문천리 932-11번지,전기전자
화성발안일반산업단지,(주)위스코시스템 ,경기도 화성시 향남읍 구문천리 930-10번지,기타
화성발안일반산업단지,(주)유성엔지니어링,경기도 화성시 향남읍 구문천리 932-22번지,기타
화성발안일반산업단지,(주)유인,경기도 화성시 향남읍 하길리 1412-13번지,기타
화성발안일반산업단지,(주)유진솔루션,경기도 화성시 향남읍 하길리 930-6번지,전기전자
화성발안일반산업단지,(주)유창이앤씨,경기도 화성시 향남읍 구문천리 928-9번지,기타
화성발안일반산업단지,(주)유텍이엔지,경기도 화성시 향남읍 구문천리 928-13,전기전자
화성발안일반산업단지,(주)유한팩,경기도 화성시 향남읍 구문천리 935-25번지,기타
화성발안일반산업단지,(주)유한팩,경기도 화성시 향남읍 구문천리 935-4,전기전자
화성발안일반산업단지,(주)윤성에프앤씨,경기도 화성시 향남읍 구문천리 930-12번지,기타
화성발안일반산업단지,(주)윤성에프앤씨 제2공장,경기도 화성시 향남읍 구문천리 932-23번지,기타
화성발안일반산업단지,(주)윤성에프앤씨 제3공장,경기도 화성시 향남읍 구문천리 932-3번지,기타
화성발안일반산업단지,(주)윤성에프앤씨 제4공장,경기도 화성시 향남읍 구문천리 932-18번지,기타
화성발안일반산업단지,(주)융진인더스트리,경기도 화성시 향남읍 구문천리 928-2번지,기타
화성발안일반산업단지,(주)의신금속,경기도 화성시 향남읍 구문천리 930-7번지,기타
화성발안일반산업단지,(주)이노에스템,경기도 화성시 향남읍 구문천리 929-4,기타
화성발안일반산업단지,(주)인베스트레이저,경기도 화성시 향남읍 구문천리 928-16번지,기타
화성발안일반산업단지,(주)인시텍,경기도 화성시 향남읍 구문천리 929-6,운송장비
화성발안일반산업단지,(주)인터제로시스템 ,경기도 화성시 향남읍 구문천리 932-5번지,기타
화성발안일반산업단지,(주)인터팩,경기도 화성시 향남읍 구문천리 936-1,전기전자
화성발안일반산업단지,(주)인프라포커스,경기도 화성시 향남읍 구문천리 932-13번지 ,기타
화성발안일반산업단지,(주)정도마이크로,경기도 화성시 향남읍 하길리 1406-19 번지,기타
화성발안일반산업단지,(주)정화프레스,경기도 화성시 향남읍 구문천리 930-14번지,전기전자
화성발안일반산업단지,(주)제이에스브이,경기도 화성시 향남읍 하길리 1403-1번지,기타
화성발안일반산업단지,(주)제이에스브이,경기도 화성시 향남읍 구문천리 936-5번지,기타
화성발안일반산업단지,(주)제이에스브이,경기도 화성시 향남읍 구문천리 934-6번지,운송장비
화성발안일반산업단지,(주)제이에프엠엔지니어링,경기도 화성시 향남읍 구문천리 929-22,기타
화성발안일반산업단지,(주)제이엠슈타인,경기도 화성시 향남읍 구문천리 930-10,기타
화성발안일반산업단지,(주)제이피코리아,경기도 화성시 향남읍 구문천리 928-4,전기전자
화성발안일반산업단지,(주)제일테크닉스,경기도 화성시 향남읍 하길리 1406-5번지,전기전자
화성발안일반산업단지,(주)준테크,경기도 화성시 향남읍 구문천리 935-8번지,기타
화성발안일반산업단지,(주)중원전기,경기도 화성시 향남읍 구문천리 928-8,기타
화성발안일반산업단지,(주)지엠티솔루션,경기도 화성시 향남읍 하길리 1407-8번지,기타
화성발안일반산업단지,(주)진도메탈,경기도 화성시 향남읍 구문천리 930-13번지,기타
화성발안일반산업단지,(주)진테크널러지,경기도 화성시 향남읍 하길리 1405-9번지,전기전자
화성발안일반산업단지,(주)진테크널러지,경기도 화성시 향남읍 하길리 1403-5,전기전자
화성발안일반산업단지,(주)창영전자,경기도 화성시 향남읍 구문천리 921번지,전기전자
화성발안일반산업단지,(주)철원피에스디,경기도 화성시 향남읍 구문천리 930-3번지,기타
화성발안일반산업단지,(주)첨단에스엔티,경기도 화성시 향남읍 하길리 1403-3번지,기타
화성발안일반산업단지,(주)커포텍,경기도 화성시 향남읍 하길리 1405-1번지,기타
화성발안일반산업단지,(주)케이에이엠인터내셔날,경기도 화성시 향남읍 구문천리 935-17번지,전기전자
화성발안일반산업단지,(주)케이엔비,경기도 화성시 향남읍 구문천리 929-5번지,기타
화성발안일반산업단지,(주)케이티피테크,경기도 화성시 향남읍 구문천리 933-2번지,기타
화성발안일반산업단지,(주)코먼 ,경기도 화성시 향남읍 구문천리 930-13번지 ,기타
화성발안일반산업단지,(주)코스몰,경기도 화성시 향남읍 하길리 1407-2번지,기타
화성발안일반산업단지,(주)코캣,경기도 화성시 향남읍 구문천리 923-3번지,전기전자
화성발안일반산업단지,(주)퀄맥스머티리얼즈,경기도 화성시 향남읍 구문천리 930-16번지,기타
화성발안일반산업단지,(주)크라테크,경기도 화성시 향남읍 하길리 1412-9번지,운송장비
화성발안일반산업단지,(주)태영금속 ,경기도 화성시 향남읍 구문천리 930-7번지,기타
화성발안일반산업단지,(주)태영정공,경기도 화성시 향남읍 하길리 1412-8,기타
화성발안일반산업단지,(주)태흥기전,경기도 화성시 향남읍 구문천리 926-6,전기전자
화성발안일반산업단지,(주)테스,경기도 화성시 향남읍 구문천리 932-8,전기전자
화성발안일반산업단지,(주)테크랜드,경기도 화성시 향남읍 구문천리 932-15번지,기타
화성발안일반산업단지,(주)테크세원,경기도 화성시 향남읍 구문천리 922-4,목재종이출판
화성발안일반산업단지,(주)텍스원,경기도 화성시 향남읍 구문천리 930-5번지,기타
화성발안일반산업단지,(주)티에스테크노,경기도 화성시 향남읍 하길리 1408-1,기타
화성발안일반산업단지,(주)티엘에이치,경기도 화성시 향남읍 구문천리 935-24번지,전기전자
화성발안일반산업단지,(주)파마코스텍,경기도 화성시 향남읍 하길리 1405-2,기타
화성발안일반산업단지,(주)파마피아,경기도 화성시 향남읍 하길리 1406-2번지,기타
화성발안일반산업단지,(주)파인테크글로벌,경기도 화성시 향남읍 구문천리 932-1번지,기타
화성발안일반산업단지,(주)퍼스컴프,경기도 화성시 향남읍 하길리 1408-4번지,기타
화성발안일반산업단지,(주)포그린,경기도 화성시 향남읍 구문천리 930-2번지,기타
화성발안일반산업단지,(주)폴라리스세원,경기도 화성시 향남읍 구문천리 921-2,운송장비
화성발안일반산업단지,(주)폴라리스에이아이파마,경기도 화성시 향남읍 하길리 1407-9번지,기타
화성발안일반산업단지,(주)폴라리스에이아이파마,경기도 화성시 향남읍 하길리 1407-12번지,기타
화성발안일반산업단지,(주)풍원정공,경기도 화성시 향남읍 구문천리 932-14번지,운송장비
화성발안일반산업단지,(주)프리레이저,경기도 화성시 향남읍 구문천리 929-7번지,기타
화성발안일반산업단지,(주)한결엔지니어링,경기도 화성시 향남읍 구문천리 935-24번지,기타
화성발안일반산업단지,(주)한국이알이시,경기도 화성시 향남읍 구문천리 935-9번지,전기전자
화성발안일반산업단지,(주)한국콤프에어,경기도 화성시 향남읍 하길리 1408-4번지,기타
화성발안일반산업단지,(주)한국표준엔지니어링,경기도 화성시 향남읍 구문천리 935-12,전기전자
화성발안일반산업단지,(주)한성CRS ,경기도 화성시 향남읍 하길리 1412-7번지,기타
화성발안일반산업단지,(주)한성씨알에스,경기도 화성시 향남읍 하길리 1412-7번지,기타
화성발안일반산업단지,(주)한신기업,경기도 화성시 향남읍 구문천리 929-10번지,기타
화성발안일반산업단지,(주)한일테크놀러지,경기도 화성시 향남읍 하길리 1406-24번지,기타
화성발안일반산업단지,(주)혜성기업 ,경기도 화성시 향남읍 구문천리 930-13번지,기타
화성발안일반산업단지,CC테크,경기도 화성시 향남읍 하길리 1406-7번지 ,기타
화성발안일반산업단지,D.S정공,경기도 화성시 향남읍 구문천리 932-16번지,기타
화성발안일반산업단지,G Tech Korea(지텍코리아),경기도 화성시 향남읍 구문천리 928-7번지,기타
화성발안일반산업단지,M-TECH(엠텍),경기도 화성시 향남읍 구문천리 935-17번지,기타
화성발안일반산업단지,ok자동차공업사,경기도 화성시 향남읍 구문천리 924-1번지,운송장비
화성발안일반산업단지,㈜유성엔지니어링,경기도 화성시 향남읍 구문천리 932-19,기타
화성발안일반산업단지,㈜첨단에스엔티,경기도 화성시 향남읍 구문천리 926-7,전기전자
화성발안일반산업단지,가나종합철강(주),경기도 화성시 향남읍 하길리 1406-3,위험물등
화성발안일반산업단지,가드너덴버코리아(주),경기도 화성시 향남읍 하길리 1408-4번지,기타
화성발안일반산업단지,건양공업(주),경기도 화성시 향남읍 구문천리 933-6 번지,기타
화성발안일반산업단지,건우산업,경기도 화성시 향남읍 구문천리 929-1번지,기타
화성발안일반산업단지,건일금속,경기도 화성시 향남읍 구문천리 929-1번지,기타
화성발안일반산업단지,경기그린에너지(주),경기도 화성시 향남읍 구문천리 936-8번지,기타
화성발안일반산업단지,경기메탈 ,경기도 화성시 향남읍 구문천리 930-13번지,기타
화성발안일반산업단지,경기종합철강,경기도 화성시 향남읍 하길리 1412-3번지,전기전자
화성발안일반산업단지,경도전기(주),경기도 화성시 향남읍 구문천리 935-12,전기전자
화성발안일반산업단지,경도전기(주) ,경기도 화성시 향남읍 하길리 1406-8번지,기타
화성발안일반산업단지,경동제약(주),경기도 화성시 향남읍 하길리 1408-19번지,기타
화성발안일반산업단지,경진양행,경기도 화성시 향남읍 구문천리 930-7번지,기타
화성발안일반산업단지,금강전자,경기도 화성시 향남읍 구문천리 935-8번지,전기전자
화성발안일반산업단지,금성산업,경기도 화성시 향남읍 하길리 1407-7,기타
화성발안일반산업단지,금창사,경기도 화성시 향남읍 구문천리 930-10번지,기타
화성발안일반산업단지,기신메가텍(주),경기도 화성시 향남읍 하길리 1405-3번지,기타
화성발안일반산업단지,기신정기(주),경기도 화성시 향남읍 하길리 1405-3번지,기타
화성발안일반산업단지,기흥플랜트(주),경기도 화성시 향남읍 하길리 1406-6,기타
화성발안일반산업단지,김계식,경기도 화성시 향남읍 구문천리 927-2,기타
화성발안일반산업단지,남일변압기,경기도 화성시 향남읍 구문천리 935-12번지,기타
화성발안일반산업단지,네오텍,경기도 화성시 향남읍 구문천리 930-7번지,기타
화성발안일반산업단지,다빈테크,경기도 화성시 향남읍 구문천리 930-13,기타
화성발안일반산업단지,대경메디피아,경기도 화성시 향남읍 하길리 1406-1번지,기타
화성발안일반산업단지,대명에스앤에스(주),경기도 화성시 향남읍 하길리 1412-5,기타
화성발안일반산업단지,대산엔지니어링,경기도 화성시 향남읍 하길리 1412-4,기타
화성발안일반산업단지,대성공업(주),경기도 화성시 향남읍 구문천리 926-8번지,전기전자
화성발안일반산업단지,대신 ,경기도 화성시 향남읍 구문천리 930-13번지,기타
화성발안일반산업단지,대영특수공업(주),경기도 화성시 향남읍 구문천리 930-10번지,기타
화성발안일반산업단지,대영특수공업(주),경기도 화성시 향남읍 구문천리 930-10,기타
화성발안일반산업단지,대영하이텍,경기도 화성시 향남읍 구문천리 932-1번지,기타
화성발안일반산업단지,대웅바이오(주)제3공장 ,경기도 화성시 향남읍 하길리 1404-1번지,기타
화성발안일반산업단지,대원산업(주),경기도 화성시 향남읍 구문천리 922-5,운송장비
화성발안일반산업단지,대원정밀공업(주),경기도 화성시 향남읍 구문천리 922-6번지,운송장비
화성발안일반산업단지,대일씨에프티,경기도 화성시 향남읍 구문천리 926-5번지,기타
화성발안일반산업단지,대진기계공업(주),경기도 화성시 향남읍 구문천리 936-3,목재종이출판
화성발안일반산업단지,대진에프앤씨(주),경기도 화성시 향남읍 구문천리 936-7번지,기타
화성발안일반산업단지,대한민국특수임무유공자회,경기도 화성시 향남읍 구문천리 935-13번지,전기전자
화성발안일반산업단지,대현기공,경기도 화성시 향남읍 구문천리 933-2번지,운송장비
화성발안일반산업단지,더블유에스아이(주),경기도 화성시 향남읍 구문천리 923-1번지,목재종이출판
화성발안일반산업단지,더원코리아,경기도 화성시 향남읍 구문천리 930-14,전기전자
화성발안일반산업단지,덕신테크,경기도 화성시 향남읍 구문천리 929-5번지,기타
화성발안일반산업단지,덕우산업,경기도 화성시 향남읍 구문천리 928-13번지,기타
화성발안일반산업단지,덕우산업 ,경기도 화성시 향남읍 구문천리 930-8번지,기타
화성발안일반산업단지,동국레이저,경기도 화성시 향남읍 하길리 1411-7번지,기타
화성발안일반산업단지,동일금속,경기도 화성시 향남읍 구문천리 930-10번지,기타
화성발안일반산업단지,동주산업,경기도 화성시 향남읍 구문천리 923-2,운송장비
화성발안일반산업단지,두원제관공업(주),경기도 화성시 향남읍 구문천리 932-17,기타
화성발안일반산업단지,듀얼시스템 ,경기도 화성시 향남읍 구문천리 936-8번지,전기전자
화성발안일반산업단지,드림메탈(주) ,경기도 화성시 향남읍 구문천리 930-13번지,기타
화성발안일반산업단지,디에스아이,경기도 화성시 향남읍 하길리 1406-10번지,기타
화성발안일반산업단지,디에스테크,경기도 화성시 향남읍 구문천리 930-6번지,기타
화성발안일반산업단지,디큐,경기도 화성시 향남읍 구문천리 930-7번지,기타
화성발안일반산업단지,램리서치매뉴팩춰링코리아(유),경기도 화성시 향남읍 구문천리 934-2,전기전자
화성발안일반산업단지,명성도금,경기도 화성시 향남읍 구문천리 930-7번지,기타
화성발안일반산업단지,명성산업,경기도 화성시 향남읍 구문천리 929-1번지,기타
화성발안일반산업단지,명인제약(주),경기도 화성시 향남읍 하길리 1407-10번지,기타
화성발안일반산업단지,미주스틸(주),경기도 화성시 향남읍 하길리 1408-14번지,기타
화성발안일반산업단지,반도공영(주),경기도 화성시 향남읍 구문천리 930-2번지,기타
화성발안일반산업단지,발안정밀,경기도 화성시 향남읍 구문천리 930-3번지 ,기타
화성발안일반산업단지,밥캣물류,경기도 화성시 향남읍 하길리 1412-3번지,기타
화성발안일반산업단지,범양금속,경기도 화성시 향남읍 구문천리 930-16,기타
화성발안일반산업단지,보은금속,경기도 화성시 향남읍 구문천리 930-16번지,기타
화성발안일반산업단지,볼드패닉룸(주),경기도 화성시 향남읍 하길리 1408-11,기타
화성발안일반산업단지,부산재활용사촌복지공장,경기도 화성시 향남읍 구문천리 905번지,전기전자
화성발안일반산업단지,부흥금속,경기도 화성시 향남읍 구문천리 930-16,기타
화성발안일반산업단지,비득지(주) ,경기도 화성시 향남읍 구문천리 930-13번지,기타
화성발안일반산업단지,비케이텍크,경기도 화성시 향남읍 구문천리 933-5번지,운송장비
화성발안일반산업단지,비케이텍크,경기도 화성시 향남읍 구문천리 935-1,전기전자
화성발안일반산업단지,빌폰트코리아전광,경기도 화성시 향남읍 구문천리 936-5번지,기타
화성발안일반산업단지,삼광테크,경기도 화성시 향남읍 구문천리 932-15번지,기타
화성발안일반산업단지,삼성테크(주),경기도 화성시 향남읍 구문천리 930-7번지,기타
화성발안일반산업단지,삼영테크,경기도 화성시 향남읍 구문천리 930-16번지,기타
화성발안일반산업단지,삼우금속,경기도 화성시 향남읍 구문천리 930-16번지,기타
화성발안일반산업단지,삼이송메탈,경기도 화성시 향남읍 1406-9번지,기타
화성발안일반산업단지,삼천리열처리공업(주),경기도 화성시 마도면 쌍송리 691-4번지,기타
화성발안일반산업단지,삼형전자(주),경기도 화성시 향남읍 구문천리 936-4,기타
화성발안일반산업단지,새론기계,경기도 화성시 향남읍 구문천리 934,기타
화성발안일반산업단지,새한정밀,경기도 화성시 향남읍 구문천리 930-14번지,기타
화성발안일반산업단지,서울비철(주),경기도 화성시 향남읍 구문천리 922-3 번지,기타
화성발안일반산업단지,서울비철(주),경기도 화성시 향남읍 구문천리 922-2번지,기타
화성발안일반산업단지,서울비철(주) ,경기도 화성시 향남읍 구문천리 922-9번지,기타
화성발안일반산업단지,선일하이텍,경기도 화성시 향남읍 구문천리 929-1번지,기타
화성발안일반산업단지,선진하이텍 ,경기도 화성시 향남읍 구문천리 935-23번지,전기전자
화성발안일반산업단지,성우화학(주),경기도 화성시 향남읍 하길리 1407-6,기타
화성발안일반산업단지,성지E&C,경기도 화성시 향남읍 구문천리 929-7,기타
화성발안일반산업단지,세화공업(주),경기도 화성시 향남읍 구문천리 935-7번지,전기전자
화성발안일반산업단지,세화공업(주),경기도 화성시 향남읍 하길리 1407-18번지,기타
화성발안일반산업단지,세화공업(주)제2공장,경기도 화성시 향남읍 구문천리 935-20번지,전기전자
화성발안일반산업단지,소망테크 ,경기도 화성시 향남읍 구문천리 933-5번지,기타
화성발안일반산업단지,수일금속,경기도 화성시 향남읍 구문천리 930-16번지,기타
화성발안일반산업단지,승연산업(주),경기도 화성시 향남읍 구문천리 930-11번지,기타
화성발안일반산업단지,승진정밀,경기도 화성시 향남읍 구문천리 932-4번지,기타
화성발안일반산업단지,신라다이아몬드,경기도 화성시 향남읍 구문천리 932-11번지,기타
화성발안일반산업단지,신명엔지니어링,경기도 화성시 향남읍 구문천리 932-4,전기전자
화성발안일반산업단지,신성정밀,경기도 화성시 향남읍 발안지방산업단지 2블럭9롯트,기타
화성발안일반산업단지,신안정공(주) ,경기도 화성시 향남읍 하길리 1408-7번지,기타
화성발안일반산업단지,신양금속,경기도 화성시 향남읍 구문천리 930-16,기타
화성발안일반산업단지,신웅하크텍,경기도 화성시 향남읍 구문천리 930-10번지,기타
화성발안일반산업단지,신일공영(주),경기도 화성시 향남읍 구문천리 928-6번지,전기전자
화성발안일반산업단지,신일공영(주),경기도 화성시 향남읍 하길리 1408-6,기타
화성발안일반산업단지,신일공영(주) ,경기도 화성시 향남읍 구문천리 929-22,기타
화성발안일반산업단지,신한이앤티(주),경기도 화성시 향남읍 구문천리 932-4번지,기타
화성발안일반산업단지,신현수,경기도 화성시 향남읍 구문천리 927-8,기타
화성발안일반산업단지,신흥공업사,경기도 화성시 향남읍 구문천리 932-7번지 ,기타
화성발안일반산업단지,신흥플랜트(주),경기도 화성시 향남읍 하길리 1412-16번지,기타
화성발안일반산업단지,신희씨앤엠(주),경기도 화성시 향남읍 하길리 1406-22,기타
화성발안일반산업단지,신희씨앤엠(주),경기도 화성시 향남읍 하길리 1406-17번지,기타
화성발안일반산업단지,씨에스메탈,경기도 화성시 향남읍 구문천리 930-16번지,기타
화성발안일반산업단지,씨엠테크 ,경기도 화성시 향남읍 구문천리 923-2번지,기타
화성발안일반산업단지,씨엠피테크,경기도 화성시 향남읍 구문천리 928-7번지,전기전자
화성발안일반산업단지,아이엠씨디코리아주식회사,경기도 화성시 향남읍 하길리 1407-5번지,기타
화성발안일반산업단지,안영순부동산,경기도 화성시 향남읍 구문천리 932-8,기타
화성발안일반산업단지,에스엠테크,경기도 화성시 향남읍 구문천리 926-7,전기전자
화성발안일반산업단지,에스엠티서울기연(주),경기도 화성시 향남읍 하길리 1406-23번지,전기전자
화성발안일반산업단지,에이디텍스(주),경기도 화성시 향남읍 구문천리 932-8,기타
화성발안일반산업단지,에이원테크(주),경기도 화성시 향남읍 구문천리 935-6번지,기타
화성발안일반산업단지,에이치엘비이노베이션(주),경기도 화성시 향남읍 구문천리 928,전기전자
화성발안일반산업단지,에이플러스,경기도 화성시 향남읍 구문천리 930-13번지,기타
화성발안일반산업단지,에이피시스템(주)발안지점,경기도 화성시 향남읍 구문천리 934-2번지,전기전자
화성발안일반산업단지,에코위자드(주),경기도 화성시 향남읍 구문천리 932-13번지,기타
화성발안일반산업단지,엘에스이엔엠(주),경기도 화성시 향남읍 구문천리 921-5번지,기타
화성발안일반산업단지,엘테크,경기도 화성시 향남읍 구문천리 930-14번지,전기전자
화성발안일반산업단지,엘테크,경기도 화성시 향남읍 구문천리 921-9번지,전기전자
화성발안일반산업단지,엠에스텔레콤(주),경기도 화성시 향남읍 구문천리 936-4번지,기타
화성발안일반산업단지,엠에스티,경기도 화성시 향남읍 구문천리 930-13,기타
화성발안일반산업단지,열기테크뉴,경기도 화성시 향남읍 구문천리 929-1,기타
화성발안일반산업단지,영상기공,경기도 화성시 향남읍 구문천리 928-11번지,기타
화성발안일반산업단지,예원보드기계,경기도 화성시 향남읍 구문천리 934-1번지,기타
화성발안일반산업단지,예일아이엔씨,경기도 화성시 향남읍 구문천리 932-2번지,기타
화성발안일반산업단지,오빌하이테크전자,경기도 화성시 향남읍 구문천리 935-14번지,기타
화성발안일반산업단지,와이엠테크,경기도 화성시 향남읍 구문천리 930-13,기타
화성발안일반산업단지,용선시스템(주),경기도 화성시 향남읍 구문천리 935-2번지,기타
화성발안일반산업단지,우광산업기계,경기도 화성시 향남읍 구문천리 930-14번지,기타
화성발안일반산업단지,우주,경기도 화성시 향남읍 구문천리 932-10번지,기타
화성발안일반산업단지,운복정밀,경기도 화성시 향남읍 구문천리 928-15번지,전기전자
화성발안일반산업단지,원진테크,경기도 화성시 향남읍 구문천리 930-16번지,기타
화성발안일반산업단지,원진투테크,경기도 화성시 향남읍 구문천리 930-16,기타
화성발안일반산업단지,원테크,경기도 화성시 향남읍 하길리 1408-13,기타
화성발안일반산업단지,유니원테크주식회사,경기도 화성시 향남읍 하길리 1406-26번지,전기전자
화성발안일반산업단지,윤진산업(화성),경기도 화성시 향남읍 구문천리 932-4번지,기타
화성발안일반산업단지,율천정밀(주),경기도 화성시 향남읍 구문천리 932-14번지,운송장비
화성발안일반산업단지,은광기업 ,경기도 화성시 향남읍 구문천리 930-13번지,기타
화성발안일반산업단지,의신금속,경기도 화성시 향남읍 구문천리 930-16번지,기타
화성발안일반산업단지,이노시스템,경기도 화성시 향남읍 구문천리 929-4,기타
화성발안일반산업단지,이에프테크놀로지 주식회사,경기도 화성시 향남읍 구문천리 930-10,기타
화성발안일반산업단지,이케이(주)화성공장,경기도 화성시 향남읍 구문천리 921-4번지,기타
화성발안일반산업단지,인베스트레이저,경기도 화성시 향남읍 구문천리 935-17번지,기타
화성발안일반산업단지,인터메카(주),경기도 화성시 향남읍 구문천리 934,전기전자
화성발안일반산업단지,일신금속 ,경기도 화성시 향남읍 구문천리 929-1번지,기타
화성발안일반산업단지,일신아이비에스(주),경기도 화성시 향남읍 구문천리 933-5번지,전기전자
화성발안일반산업단지,일진정밀(주) 발안지점,경기도 화성시 향남읍 구문천리 932-14번지,운송장비
화성발안일반산업단지,장인ENG,경기도 화성시 향남읍 구문천리 929-6,기타
화성발안일반산업단지,정우엔텍 주식회사 ,경기도 화성시 향남읍 구문천리 930-7번지,기타
화성발안일반산업단지,제넥스이앤엠주식회사,경기도 화성시 향남읍 하길리 1406-23번지,전기전자
화성발안일반산업단지,제이앤비(주),경기도 화성시 향남읍 구문천리 928-12번지,전기전자
화성발안일반산업단지,제이에스,경기도 화성시 향남읍 구문천리 930-13번지,기타
화성발안일반산업단지,제이제이테크,경기도 화성시 향남읍 구문천리 930-14번지,기타
화성발안일반산업단지,제일레이저(주),경기도 화성시 향남읍 구문천리 926-11번지,기타
화성발안일반산업단지,제일레이저(주)제2공장,경기도 화성시 향남읍 구문천리 926-2번지,기타
화성발안일반산업단지,조양메탈(주),경기도 화성시 향남읍 구문천리 923-5번지 ,목재종이출판
화성발안일반산업단지,좋은기업,경기도 화성시 향남읍 하길리 1403-1번지,기타
화성발안일반산업단지,주식회사 국전약품,경기도 화성시 향남읍 하길리 1412-15,위험물등
화성발안일반산업단지,주식회사 다온테크원,경기도 화성시 향남읍 구문천리 935-12번지,전기전자
화성발안일반산업단지,주식회사 루건,경기도 화성시 향남읍 구문천리 930-8번지,기타
화성발안일반산업단지,주식회사 루벤,경기도 화성시 향남읍 하길리 1403-2,기타
화성발안일반산업단지,주식회사 명성비철,경기도 화성시 향남읍 구문천리 926-7,전기전자
화성발안일반산업단지,주식회사 성화인더스트리 ,경기도 화성시 향남읍 구문천리 930-9번지,기타
화성발안일반산업단지,주식회사 시어스제약,경기도 화성시 향남읍 하길리 1408-5번지,기타
화성발안일반산업단지,주식회사 신성이엔지,경기도 화성시 향남읍 구문천리 930-8,기타
화성발안일반산업단지,주식회사 신성피씨,경기도 화성시 향남읍 하길리 1405-5번지,기타
화성발안일반산업단지,주식회사 에스에이엠디,경기도 화성시 향남읍 구문천리 929-4번지,기타
화성발안일반산업단지,주식회사 우진화성 ,경기도 화성시 향남읍 구문천리 930-7번지,기타
화성발안일반산업단지,주식회사 은서테크,경기도 화성시 향남읍 구문천리 936-2,전기전자
화성발안일반산업단지,주식회사 한울(지점),경기도 화성시 향남읍 하길리 1412-2번지,기타
화성발안일반산업단지,주식회사 화성개발,경기도 화성시 향남읍 구문천리 927-6,기타
화성발안일반산업단지,주식회사태상,경기도 화성시 향남읍 구문천리 932-12번지,기타
화성발안일반산업단지,준테크,경기도 화성시 향남읍 구문천리 930-6번지,기타
화성발안일반산업단지,지텍코리아(주) ,경기도 화성시 향남읍 구문천리 928-7번지,기타
화성발안일반산업단지,진광정밀,경기도 화성시 향남읍 구문천리 932-6번지,위험물등
화성발안일반산업단지,진광정밀주식회사,경기도 화성시 향남읍 구문천리 932-6번지,위험물등
화성발안일반산업단지,진성금속(주),경기도 화성시 향남읍 하길리 1407-17번지,기타
화성발안일반산업단지,진테크,경기도 화성시 향남읍 구문천리 930-16번지,기타
화성발안일반산업단지,진하이텍,경기도 화성시 향남읍 구문천리 930-16번지,기타
화성발안일반산업단지,진흥중공업,경기도 화성시 향남읍 구문천리 929-15번지,기타
화성발안일반산업단지,창성전기(주),경기도 화성시 향남읍 구문천리 930-2번지,전기전자
화성발안일반산업단지,창성전기(주),경기도 화성시 향남읍 구문천리 935-13번지,전기전자
화성발안일반산업단지,천일,경기도 화성시 향남읍 하길리 1412-9번지,기타
화성발안일반산업단지,청일공업(주),경기도 화성시 향남읍 구문천리 928-3번지,기타
화성발안일반산업단지,케이앤더블유(주),경기도 화성시 향남읍 구문천리 933-1번지,기타
화성발안일반산업단지,케이엠지(주),경기도 화성시 향남읍 구문천리 932-15번지,전기전자
화성발안일반산업단지,케이제이전자 주식회사,경기도 화성시 향남읍 구문천리 932-6번지,위험물등
화성발안일반산업단지,케이제이전자(주),경기도 화성시 향남읍 구문천리 932-6번지,위험물등
화성발안일반산업단지,켑코솔라(주),경기도 화성시 향남읍 구문천리 923-2번지,기타
화성발안일반산업단지,코먼메탈,경기도 화성시 향남읍 구문천리 930-13번지 ,기타
화성발안일반산업단지,탑엔프라,경기도 화성시 향남읍 구문천리 935-8번지,전기전자
화성발안일반산업단지,탑케미텍주식회사,경기도 화성시 향남읍 구문천리 930-16번지,기타
화성발안일반산업단지,태광금속,경기도 화성시 향남읍 구문천리 926-1번지,기타
화성발안일반산업단지,태광정밀,경기도 화성시 향남읍 하길리 1405-7번지,기타
화성발안일반산업단지,태림산업 ,경기도 화성시 향남읍 구문천리 934-6번지,기타
화성발안일반산업단지,태안산업,경기도 화성시 향남읍 구문천리 930-13번지,기타
화성발안일반산업단지,팬컴,경기도 화성시 향남읍 구문천리 935-18 번지,기타
화성발안일반산업단지,하나제약(주) ,경기도 화성시 향남읍 하길리 1402번지,기타
화성발안일반산업단지,하성스틸(주),경기도 화성시 향남읍 구문천리 930-4번지,기타
화성발안일반산업단지,하이윈코퍼레이션(주),경기도 화성시 향남읍 구문천리 922-2번지,기타
화성발안일반산업단지,한국오바라(주),경기도 화성시 향남읍 933-7번지,기타
화성발안일반산업단지,한서테크노(주),경기도 화성시 향남읍 구문천리 932-21번지,기타
화성발안일반산업단지,한성,경기도 화성시 향남읍 구문천리 930-14번지,기타
화성발안일반산업단지,한성정밀,경기도 화성시 향남읍 구문천리 933-4번지,기타
화성발안일반산업단지,한솔아이원스(주),경기도 화성시 향남읍 구문천리 934-1번지,전기전자
화성발안일반산업단지,한솔아이원스(주) ,경기도 화성시 향남읍 구문천리 934-3번지,전기전자
화성발안일반산업단지,한일기업,경기도 화성시 향남읍 구문천리 930-7번지,기타
화성발안일반산업단지,해명테크 ,경기도 화성시 향남읍 구문천리 930-16번지,기타
화성발안일반산업단지,현미금속 주식회사,경기도 화성시 향남읍 구문천리 930-16번지,기타
화성발안일반산업단지,현테크,경기도 화성시 향남읍 하길리 1406-4번지,기타
화성발안일반산업단지,혜성기업 ,경기도 화성시 향남읍 구문천리 930-13번지,기타
화성발안일반산업단지,혜인테크,경기도 화성시 향남읍 구문천리 932-4번지,기타
화성발안일반산업단지,호건금속,경기도 화성시 향남읍 구문천리 930-13,기타
화성발안일반산업단지,화성기공사,경기도 화성시 향남읍 구문천리 932-20,기타
화성발안일반산업단지,화일약품(주),경기도 화성시 향남읍 하길리 1406-13번지,기타
화성발안일반산업단지,효동기계공업(주) 제1공장 ,경기도 화성시 향남읍 구문천리 933-8번지,기타
화성발안일반산업단지,효동이엔지,경기도 화성시 향남읍 구문천리 932-10번지,기타
화성발안일반산업단지,흥광테크(주) 제1공장,경기도 화성시 마도면 쌍송리 678-3번지,기타
화성발안일반산업단지,희은금속,경기도 화성시 향남읍 구문천리 930-13번지,기타
화성전곡해양일반산업단지,(주)강남,경기도 화성시 서신면 전곡리 1092-2번지,기타
화성전곡해양일반산업단지,(주)건농,경기도 화성시 서신면 전곡리 1102-3,위험물등
화성전곡해양일반산업단지,(주)경동와이어,경기도 화성시 서신면 전곡리 1118-3,기타
화성전곡해양일반산업단지,(주)나린메디코스 ,경기도 화성시 서신면 장외리 654-16번지,기타
화성전곡해양일반산업단지,(주)뉴퍼스,경기도 화성시 서신면 전곡리 1159-7,목재종이출판
화성전곡해양일반산업단지,(주)뉴퍼스 ,경기도 화성시 서신면 전곡리 1159-6번지,목재종이출판
화성전곡해양일반산업단지,(주)대광플라텍,경기도 화성시 서신면 전곡리 1096-8,위험물등
화성전곡해양일반산업단지,(주)대명내이처오션  ,경기도 화성시 서신면 전곡리 1095-7번지,위험물등
화성전곡해양일반산업단지,(주)대성플랜트,경기도 화성시 서신면 전곡리 1117-1,기타
화성전곡해양일반산업단지,(주)대양공업,경기도 화성시 서신면 전곡리 1110-4,위험물등
화성전곡해양일반산업단지,(주)대유켐,경기도 화성시 서신면 전곡리 630번지,위험물등
화성전곡해양일반산업단지,(주)더경종합건설,경기도 화성시 서신면 전곡리 1114,위험물등
화성전곡해양일반산업단지,(주)더블엠코퍼레이션,경기도 화성시 서신면 전곡리 1102-3,기타
화성전곡해양일반산업단지,(주)덕성화학,경기도 화성시 서신면 전곡리 1163-5번지,위험물등
화성전곡해양일반산업단지,(주)덴티움 ,경기도 화성시 서신면 전곡리 1093-3,기타
화성전곡해양일반산업단지,(주)도일에코텍 ,경기도 화성시 서신면 전곡리 1115-3,위험물등
화성전곡해양일반산업단지,(주)동남에스컬레이터,경기도 화성시 서신면 전곡리 1098-1번지,기타
화성전곡해양일반산업단지,(주)동우기계 전곡산단지점,경기도 화성시 서신면 전곡리 1112-1,기타
화성전곡해양일반산업단지,(주)디지에스 ,경기도 화성시 서신면 전곡리 1099-1,운송장비
화성전곡해양일반산업단지,(주)맨지온 ,경기도 화성시 서신면 전곡리 1093-7,기타
화성전곡해양일반산업단지,(주)메리츠컴퍼니,경기도 화성시 서신면 전곡리 1110-3 1동,위험물등
화성전곡해양일반산업단지,(주)명성알루미늄 ,경기도 화성시 서신면 전곡리 1108-6,기타
화성전곡해양일반산업단지,(주)명성알루미늄 제2공장,경기도 화성시 서신면 전곡리 1107-3번지,기타
화성전곡해양일반산업단지,(주)명인산업 ,경기도 화성시 서신면 전곡리 1107-10번지 ,기타
화성전곡해양일반산업단지,(주)뫼베플러스 ,경기도 화성시 서신면 장외리 654-11번지,목재종이출판
화성전곡해양일반산업단지,(주)미륭산업,경기도 화성시 서신면 전곡리 1108-5,기타
화성전곡해양일반산업단지,(주)백운엔지니어링,경기도 화성시 서신면 전곡리 1108-4번지,기타
화성전곡해양일반산업단지,(주)봉화엔지니어링 ,경기도 화성시 서신면 전곡리 1095-8번지,위험물등
화성전곡해양일반산업단지,(주)비비테크,경기도 화성시 서신면 전곡리 1102-3,전기전자
화성전곡해양일반산업단지,(주)비비테크 화성공장,경기도 화성시 서신면 전곡리 1118-1,기타
화성전곡해양일반산업단지,(주)사랑과정성 ,경기도 화성시 서신면 전곡리 1110-7,위험물등
화성전곡해양일반산업단지,(주)삼보고분자,경기도 화성시 서신면 전곡리 1095-11번지,기타
화성전곡해양일반산업단지,(주)삼정이엔씨,경기도 화성시 서신면 전곡리 1118-8,기타
화성전곡해양일반산업단지,(주)삼정켐텍,경기도 화성시 서신면 전곡리 1089-6,위험물등
화성전곡해양일반산업단지,(주)서영산업,경기도 화성시 서신면 장외리 654-12,기타
화성전곡해양일반산업단지,(주)서영산업,경기도 화성시 서신면 전곡리 1089-4,기타
화성전곡해양일반산업단지,(주)서영산업,경기도 화성시 서신면 전곡리 1115-11,기타
화성전곡해양일반산업단지,(주)성원단조,경기도 화성시 서신면 전곡리 1107-4,기타
화성전곡해양일반산업단지,(주)세건엔지니어링 ,경기도 화성시 서신면 전곡리 1118-5번지,기타
화성전곡해양일반산업단지,(주)세양물류 ,경기도 화성시 서신면 전곡리 1105-1번지,위험물등
화성전곡해양일반산업단지,(주)세영테크,경기도 화성시 서신면 전곡리 1107-11,전기전자
화성전곡해양일반산업단지,(주)세일인터내쇼날 전곡지점,경기도 화성시 서신면 전곡리 1100-3,위험물등
화성전곡해양일반산업단지,(주)세희케미칼,경기도 화성시 서신면 전곡리 1118-5번지,기타
화성전곡해양일반산업단지,(주)쉘피아,경기도 화성시 서신면 전곡리 1102-3,위험물등
화성전곡해양일반산업단지,(주)스틸코리아케이에이 ,경기도 화성시 서신면 장외리 654-8번지,기타
화성전곡해양일반산업단지,(주)스페이스웨이비,경기도 화성시 서신면 전곡리 1088-6,기타
화성전곡해양일반산업단지,(주)스페이스웨이비,경기도 화성시 서신면 전곡리 1088-5,기타
화성전곡해양일반산업단지,(주)슬립링코리아,경기도 화성시 서신면 전곡리 1100-4번지,전기전자
화성전곡해양일반산업단지,(주)신도씨앤에스,경기도 화성시 서신면 장외리 652-7,위험물등
화성전곡해양일반산업단지,(주)신동아켐텍 ,경기도 화성시 서신면 전곡리 1105-9,기타
화성전곡해양일반산업단지,(주)신성하인스,경기도 화성시 서신면 장외리 산 25-2,음식료
화성전곡해양일반산업단지,(주)신화마이스터,경기도 화성시 서신면 1115-5번지,기타
화성전곡해양일반산업단지,(주)씨에이테크,경기도 화성시 서신면 전곡리 1115-7번지,기타
화성전곡해양일반산업단지,(주)씨엔에스켐,경기도 화성시 서신면 전곡리 1095-2,위험물등
화성전곡해양일반산업단지,(주)씨엔이 ,경기도 화성시 서신면 전곡리 1098-4번지,기타
화성전곡해양일반산업단지,(주)아리셀,경기도 화성시 서신면 전곡리 1103-2번지,기타
화성전곡해양일반산업단지,(주)아이앤제이 ,경기도 화성시 서신면 전곡리 1118-10번지,위험물등
화성전곡해양일반산업단지,(주)아프로시스템즈,경기도 화성시 서신면 장외리 623-1,기타
화성전곡해양일반산업단지,(주)에스오에프티,경기도 화성시 서신면 장외리 655-5번지,기타
화성전곡해양일반산업단지,(주)에스제이파우더,경기도 화성시 서신면 장외리 655-8번지,기타
화성전곡해양일반산업단지,(주)에스제이파우더,경기도 화성시 서신면 장외리 652-1,기타
화성전곡해양일반산업단지,(주)에스제이파우더,경기도 화성시 서신면 전곡리 1089-3,기타
화성전곡해양일반산업단지,(주)에스제이파우더 ,경기도 화성시 서신면 전곡리 1102-3,기타
화성전곡해양일반산업단지,(주)에이치에스씨 ,경기도 화성시 서신면 전곡리 1104-10,위험물등
화성전곡해양일반산업단지,(주)에이치에스티 ,경기도 화성시 서신면 전곡리 1116-6번지,위험물등
화성전곡해양일반산업단지,(주)에이치엘옵틱스,경기도 화성시 서신면 전곡리 1103-4,전기전자
화성전곡해양일반산업단지,(주)에이치케이한국트레이드,경기도 화성시 서신면 장외리 산 3-1번지,기타
화성전곡해양일반산업단지,(주)에이치켐,경기도 화성시 서신면 장외리 652-6,위험물등
화성전곡해양일반산업단지,(주)엘몰드텍 ,경기도 화성시 서신면 전곡리 1103-4,전기전자
화성전곡해양일반산업단지,(주)엘테크,경기도 화성시 서신면 전곡리 1108-2,기타
화성전곡해양일반산업단지,(주)엘파니,경기도 화성시 서신면 장외리 655-9,위험물등
화성전곡해양일반산업단지,(주)옵시디앙,경기도 화성시 서신면 장외리 651-3,기타
화성전곡해양일반산업단지,(주)용진섬유,경기도 화성시 서신면 전곡리 1163-6,섬유의복
화성전곡해양일반산업단지,(주)우리프라스틱 ,경기도 화성시 서신면 전곡리 1115-14번지,위험물등
화성전곡해양일반산업단지,(주)우성엔지니어링,경기도 화성시 서신면 전곡리 1107-6,운송장비
화성전곡해양일반산업단지,(주)우암건설,경기도 화성시 서신면 장외리 651-2,위험물등
화성전곡해양일반산업단지,(주)우암시스템,경기도 화성시 서신면 장외리 651-2번지,위험물등
화성전곡해양일반산업단지,(주)우창,경기도 화성시 서신면 전곡리 1117-2번지,기타
화성전곡해양일반산업단지,(주)워솔,경기도 화성시 서신면 전곡리 1096-4번지,위험물등
화성전곡해양일반산업단지,(주)원켐,경기도 화성시 서신면 전곡리 1089-3,위험물등
화성전곡해양일반산업단지,(주)월드일렉트릭,경기도 화성시 서신면 장외리 621-4,기타
화성전곡해양일반산업단지,(주)위너스켐,경기도 화성시 서신면 장외리 655-4번지,위험물등
화성전곡해양일반산업단지,(주)유니캠,경기도 화성시 서신면 전곡리 1161-4,위험물등
화성전곡해양일반산업단지,(주)유앤스틸,경기도 화성시 서신면 전곡리 1115-6번지,기타
화성전곡해양일반산업단지,(주)유앤아이멕스,경기도 화성시 서신면 전곡리 1107-5,기타
화성전곡해양일반산업단지,(주)유엔테크 ,경기도 화성시 서신면 전곡리 1104-7번지,기타
화성전곡해양일반산업단지,(주)은성전기,경기도 화성시 서신면 전곡리 1101-3,전기전자
화성전곡해양일반산업단지,(주)이루켐,경기도 화성시 서신면 전곡리 1096-6번지,위험물등
화성전곡해양일반산업단지,(주)이씨알엔씨 ,경기도 화성시 서신면 전곡리 1117-5,기타
화성전곡해양일반산업단지,(주)이영플랜트 ,경기도 화성시 서신면 전곡리 1115-13번지,기타
화성전곡해양일반산업단지,(주)자스텍,경기도 화성시 서신면 전곡리 1088-6,기타
화성전곡해양일반산업단지,(주)자스텍 ,경기도 화성시 서신면 전곡리 1088-5,기타
화성전곡해양일반산업단지,(주)제노스,경기도 화성시 서신면 전곡리 1093-3,기타
화성전곡해양일반산업단지,(주)제이에이엠씨 ,경기도 화성시 서신면 전곡리 1108-3,위험물등
화성전곡해양일반산업단지,(주)제현산업,경기도 화성시 서신면 전곡리 1104-6,기타
화성전곡해양일반산업단지,(주)조은산업 ,경기도 화성시 서신면 전곡리 1117-4번지,기타
화성전곡해양일반산업단지,(주)지디티,경기도 화성시 서신면 전곡리 557-36번지,전기전자
화성전곡해양일반산업단지,(주)지엘코팅스,경기도 화성시 서신면 전곡리 1105-11,기타
화성전곡해양일반산업단지,(주)커넥트웨이브,경기도 화성시 서신면 전곡리 1088-1,기타
화성전곡해양일반산업단지,(주)케어젠,경기도 화성시 서신면 전곡리 1096-2,위험물등
화성전곡해양일반산업단지,(주)켐피아,경기도 화성시 서신면 전곡리 1110-2번지,위험물등
화성전곡해양일반산업단지,(주)켐피아 제2공장,경기도 화성시 서신면 전곡리 1102-7번지,위험물등
화성전곡해양일반산업단지,(주)코리아인더스,경기도 화성시 서신면 전곡리 1107-7번지,기타
화성전곡해양일반산업단지,(주)코스믹테크,경기도 화성시 서신면 전곡리 1110-1번지,위험물등
화성전곡해양일반산업단지,(주)태영켐 ,경기도 화성시 서신면 전곡리 1105-2,목재종이출판
화성전곡해양일반산업단지,(주)태원폴리텍 ,경기도 화성시 서신면 전곡리 1105-10번지,위험물등
화성전곡해양일반산업단지,(주)태종금속,경기도 화성시 서신면 장외리 623-1,기타
화성전곡해양일반산업단지,(주)토탈엘앤씨,경기도 화성시 서신면 장외리 654-4번지,위험물등
화성전곡해양일반산업단지,(주)티피아이 ,경기도 화성시 서신면 장외리 622-6번지,목재종이출판
화성전곡해양일반산업단지,(주)파인,경기도 화성시 서신면 전곡리 1159-2번지,기타
화성전곡해양일반산업단지,(주)파인정공,경기도 화성시 서신면 장외리 651-7번지,기타
화성전곡해양일반산업단지,(주)폴리원,경기도 화성시 서신면 전곡리 1159-5번지,위험물등
화성전곡해양일반산업단지,(주)푸른들,경기도 화성시 서신면 장외리 651-1번지,위험물등
화성전곡해양일반산업단지,(주)풍원,경기도 화성시 서신면 장외리 655-6,위험물등
화성전곡해양일반산업단지,(주)피엔에스,경기도 화성시 서신면 장외리 654-7번지,기타
화성전곡해양일반산업단지,(주)피엘푸드,경기도 화성시 서신면 장외리 652-2번지,기타
화성전곡해양일반산업단지,(주)하나 ,경기도 화성시 서신면 전곡리 1089-7,위험물등
화성전곡해양일반산업단지,(주)하얀소금,경기도 화성시 서신면 장외리 622-5번지,위험물등
화성전곡해양일반산업단지,(주)하얀소금 ,경기도 화성시 서신면 전곡리 1111번지,음식료
화성전곡해양일반산업단지,(주)하이테크코리아,경기도 화성시 서신면 전곡리 1108-7번지,기타
화성전곡해양일반산업단지,(주)한국씨에프씨케미칼,경기도 화성시 서신면 전곡리 1161-3번지,위험물등
화성전곡해양일반산업단지,(주)해담,경기도 화성시 서신면 전곡리 1115-13,기타
화성전곡해양일반산업단지,(주)해비코,경기도 화성시 서신면 전곡리 1104-5,기타
화성전곡해양일반산업단지,(주)현진금속 ,경기도 화성시 서신면 전곡리 1112-2,음식료
화성전곡해양일반산업단지,(주)현진금속 ,경기도 화성시 서신면 전곡리 1118-2번지,음식료
화성전곡해양일반산업단지,(주)화인스틸,경기도 화성시 서신면 전곡리 1163-1번지,기타
화성전곡해양일반산업단지,(주)휴텍에스피 ,경기도 화성시 서신면 전곡리 1119-4번지,목재종이출판
화성전곡해양일반산업단지,JK오렌지마린,경기도 화성시 서신면 전곡리 1093-1,기타
화성전곡해양일반산업단지,M.K인터내셔날 ,경기도 화성시 서신면 장외리 624-6번지,기타
화성전곡해양일반산업단지,강남폴리텍 ,경기도 화성시 서신면 전곡리 1105-8번지,위험물등
화성전곡해양일반산업단지,개명산업,경기도 화성시 서신면 장외리 653-1번지,목재종이출판
화성전곡해양일반산업단지,광역파워샌딩 ,경기도 화성시 서신면 전곡리 1088-7번지,기타
화성전곡해양일반산업단지,금성호이스트크레인(주),경기도 화성시 서신면 전곡리 산 131번지,기타
화성전곡해양일반산업단지,금정,경기도 화성시 서신면 장외리 652-9,기타
화성전곡해양일반산업단지,나누리씨앤씨 ,경기도 화성시 서신면 전곡리 1104-9,목재종이출판
화성전곡해양일반산업단지,나성산업,경기도 화성시 서신면 장외리 95-26번지,위험물등
화성전곡해양일반산업단지,남양넥스모(주) ,경기도 화성시 서신면 전곡리 1116-3,기타
화성전곡해양일반산업단지,대동상공(주),경기도 화성시 서신면 전곡리 1104-2,운송장비
화성전곡해양일반산업단지,대봉엘에스(주),경기도 화성시 서신면 전곡리 1117-7번지,기타
화성전곡해양일반산업단지,대성씨앤에스(주) 화성센터,경기도 화성시 서신면 장외리 652-1,기타
화성전곡해양일반산업단지,대성이노켐(주),경기도 화성시 서신면 장외리 624-1,위험물등
화성전곡해양일반산업단지,대진ENG,경기도 화성시 서신면 장외리 84-6번지,기타
화성전곡해양일반산업단지,동명지주,경기도 화성시 서신면 장외리 622-5번지,기타
화성전곡해양일반산업단지,디와이스틸(주),경기도 화성시 서신면 전곡리 1102-3,기타
화성전곡해양일반산업단지,디와이특수강(주),경기도 화성시 서신면 전곡리 1102-3,기타
화성전곡해양일반산업단지,디플러스(주),경기도 화성시 서신면 전곡리 1102-5번지,기타
화성전곡해양일반산업단지,리니어코스메틱 주식회사 ,경기도 화성시 서신면 장외리 621-3번지,기타
화성전곡해양일반산업단지,머티어리얼사이언스(주),경기도 화성시 서신면 전곡리 1096-1,위험물등
화성전곡해양일반산업단지,메가루브 ,경기도 화성시 서신면 전곡리 1115-8번지,위험물등
화성전곡해양일반산업단지,메리츠산업개발(주),경기도 화성시 서신면 전곡리 1110-3,기타
화성전곡해양일반산업단지,메스토,경기도 화성시 서신면 장외리 654-9번지,전기전자
화성전곡해양일반산업단지,명진정밀공업,경기도 화성시 서신면 전곡리 557-359번지,기타
화성전곡해양일반산업단지,미성화학(주) ,경기도 화성시 서신면 전곡리 1089-5번지,기타
화성전곡해양일반산업단지,보화산업(주),경기도 화성시 서신면 전곡리 1089-4,운송장비
화성전곡해양일반산업단지,비에스텍,경기도 화성시 서신면 전곡리 557-28번지,목재종이출판
화성전곡해양일반산업단지,비엠벨틱스,경기도 화성시 서신면 장외리 621-5,기타
화성전곡해양일반산업단지,사회복지법인 한국노인생활지원재단,경기도 화성시 서신면 전곡리 1105-5,위험물등
화성전곡해양일반산업단지,삼성의료고무(주),경기도 화성시 서신면 전곡리 산 202-8번지,위험물등
화성전곡해양일반산업단지,삼신화학공업㈜,경기도 화성시 서신면 장외리 655-2번지,위험물등
화성전곡해양일반산업단지,새참식품,경기도 화성시 서신면 장외리 95-2번지,기타
화성전곡해양일반산업단지,서울보트,경기도 화성시 서신면 전곡리 1093-6,기타
화성전곡해양일반산업단지,서전,경기도 화성시 서신면 전곡리 630번지,위험물등
화성전곡해양일반산업단지,선에이로지스틱스(주),경기도 화성시 서신면 전곡리 1089-11,운송장비
화성전곡해양일반산업단지,선에이로지스틱스(주) ,경기도 화성시 서신면 전곡리 1089-1번지,기타
화성전곡해양일반산업단지,성광플랜트(주),경기도 화성시 서신면 전곡리 683-5번지,기타
화성전곡해양일반산업단지,성도케미칼(주) ,경기도 화성시 서신면 전곡리 1105-3번지,위험물등
화성전곡해양일반산업단지,성림유화(주),경기도 화성시 서신면 전곡리 1095-1,기타
화성전곡해양일반산업단지,성화시스템챤넬(주) ,경기도 화성시 서신면 전곡리 1104-1,기타
화성전곡해양일반산업단지,세기플랜,경기도 화성시 서신면 전곡리 1107-7,기타
화성전곡해양일반산업단지,세븐연구소,경기도 화성시 서신면 전곡리 1115-8,위험물등
화성전곡해양일반산업단지,세종스톤,경기도 화성시 서신면 전곡리 1088-1,기타
화성전곡해양일반산업단지,스카이 플러스,경기도 화성시 서신면 전곡리 1119-5,기타
화성전곡해양일반산업단지,승진철강(주),경기도 화성시 서신면 전곡리 1107-1번지,기타
화성전곡해양일반산업단지,신영기업,경기도 화성시 서신면 전곡리 1104-4번지,기타
화성전곡해양일반산업단지,신창중상이용사촌(주),경기도 화성시 서신면 전곡리 1102-2,기타
화성전곡해양일반산업단지,씨케이티(주),경기도 화성시 서신면 전곡리 1103-6번지,전기전자
화성전곡해양일반산업단지,아산임산,경기도 화성시 서신면 장외리 654-6,위험물등
화성전곡해양일반산업단지,아세아볼트기업(주) ,경기도 화성시 서신면 전곡리 1088-4번지,기타
화성전곡해양일반산업단지,알플라하나아시아퍼시픽(주),경기도 화성시 서신면 전곡리 1089-7,위험물등
화성전곡해양일반산업단지,에스씨이엔이(주),경기도 화성시 서신면 전곡리 1108-4,기타
화성전곡해양일반산업단지,에스엘(주) ,경기도 화성시 서신면 전곡리 1095-1번지,위험물등
화성전곡해양일반산업단지,에이스전기(주),경기도 화성시 서신면 장외리 623-1번지,기타
화성전곡해양일반산업단지,에코테크(주) ,경기도 화성시 서신면 전곡리 1117-6번지,위험물등
화성전곡해양일반산업단지,엘앤비(EL&B),경기도 화성시 서신면 전곡리 1102-2,기타
화성전곡해양일반산업단지,엘앤피코스메틱(주) ,경기도 화성시 서신면 전곡리 1100-1번지,기타
화성전곡해양일반산업단지,엠바이오멧 ,경기도 화성시 서신면 전곡리 1105-7,기타
화성전곡해양일반산업단지,예인철강(주),경기도 화성시 서신면 전곡리 1159-7,기타
화성전곡해양일반산업단지,오에스피(주),경기도 화성시 서신면 전곡리 1096-9번지,위험물등
화성전곡해양일반산업단지,우리물류포장(주),경기도 화성시 서신면 전곡리 1159-4,목재종이출판
화성전곡해양일반산업단지,우보케미칼(주) ,경기도 화성시 서신면 전곡리 1104-3,위험물등
화성전곡해양일반산업단지,워즐(주),경기도 화성시 서신면 전곡리 1118-3,음식료
화성전곡해양일반산업단지,유림인더스트리얼즈(주) ,경기도 화성시 서신면 전곡리 1103-3,기타
화성전곡해양일반산업단지,유림특수화학(주) ,경기도 화성시 서신면 전곡리 1103-7,기타
화성전곡해양일반산업단지,유성분체기계(주),경기도 화성시 서신면 전곡리 산 126-20번지,기타
화성전곡해양일반산업단지,유성분체기계(주),경기도 화성시 서신면 전곡리 1118-4,기타
화성전곡해양일반산업단지,유일테크(주),경기도 화성시 서신면 전곡리 1089-3,기타
화성전곡해양일반산업단지,유정산업,경기도 화성시 서신면 전곡리 1161-4,위험물등
화성전곡해양일반산업단지,유진타워건설(주) ,경기도 화성시 서신면 전곡리 1103-1번지,위험물등
화성전곡해양일반산업단지,유한회사 아이티더블유에이오씨 ,경기도 화성시 서신면 전곡리 1103-1번지,위험물등
화성전곡해양일반산업단지,이건스터드,경기도 화성시 서신면 전곡리 1115-2번지,기타
화성전곡해양일반산업단지,이에스솔루텍,경기도 화성시 서신면 전곡리 1096-9,위험물등
화성전곡해양일반산업단지,이지테크,경기도 화성시 서신면 장외리 652-8번지,기타
화성전곡해양일반산업단지,이티알(주),경기도 화성시 서신면 전곡리 1108-4번지,운송장비
화성전곡해양일반산업단지,일신우레탄,경기도 화성시 서신면 전곡리 1115-1,기타
화성전곡해양일반산업단지,자민경(주),경기도 화성시 서신면 장외리 654-16번지,기타
화성전곡해양일반산업단지,제와이시스템(주),경기도 화성시 서신면 장외리 621-4,기타
화성전곡해양일반산업단지,제우스유화공업(주) 화성공장  ,경기도 화성시 서신면 전곡리 1105-5,위험물등
화성전곡해양일반산업단지,제이 에이치,경기도 화성시 서신면 전곡리 1107-5,기타
화성전곡해양일반산업단지,주식회사 누리켐,경기도 화성시 서신면 전곡리 1161-4,위험물등
화성전곡해양일반산업단지,주식회사 씨엠케미칼,경기도 화성시 서신면 장외리 654-5번지,위험물등
화성전곡해양일반산업단지,주식회사 케이씨글로벌 ,경기도 화성시 서신면 장외리 654-2번지,위험물등
화성전곡해양일반산업단지,주식회사 태성아이엠티 ,경기도 화성시 서신면 전곡리 1105-11,기타
화성전곡해양일반산업단지,카윈텍 ,경기도 화성시 서신면 장외리 654-10번지,기타
화성전곡해양일반산업단지,켐맥스(주) ,"경기도 화성시 서신면 장외리 624-2번지 , 경기도 화성시 서신면 전곡리 1119-2번지 ",기타
화성전곡해양일반산업단지,켑코솔라(주),경기도 화성시 서신면 전곡리 1118-5,기타
화성전곡해양일반산업단지,코스본(주) ,경기도 화성시 서신면 전곡리 1112-5번지,기타
화성전곡해양일반산업단지,파도화학,경기도 화성시 서신면 전곡리 557-28번지,위험물등
화성전곡해양일반산업단지,파인와이어,경기도 화성시 서신면 장외리 651-7번지,기타
화성전곡해양일반산업단지,피제리아,경기도 화성시 서신면 장외리 652-2번지,기타
화성전곡해양일반산업단지,하나루브텍,경기도 화성시 서신면 전곡리 1161-4번지,위험물등
화성전곡해양일반산업단지,하이로드켐텍(주) ,경기도 화성시 서신면 전곡리 1098-2번지,기타
화성전곡해양일반산업단지,한국단자공업(주),경기도 화성시 서신면 전곡리 1109-1번지,전기전자
화성전곡해양일반산업단지,한국와이다,경기도 화성시 서신면 전곡리 1103-5,전기전자
화성전곡해양일반산업단지,한맥시스템,경기도 화성시 서신면 전곡리 1092-2,기타
화성전곡해양일반산업단지,한양스터드용접(주),경기도 화성시 서신면 전곡리 1115-2번지,기타
화성전곡해양일반산업단지,해담 ,경기도 화성시 서신면 전곡리 1115-13,기타
화성전곡해양일반산업단지,현대씨즈올(주),경기도 화성시 서신면 전곡리 1093-5번지,기타
화성전곡해양일반산업단지,홍옥환경플랜트,경기도 화성시 서신면 전곡리 1110-3번지,기타
화성전곡해양일반산업단지,화성강재(주),경기도 화성시 서신면 전곡리 1108-1번지,기타
화성전곡해양일반산업단지,화성코아텍(주),경기도 화성시 서신면 전곡리 1102-1,위험물등
화성전곡해양일반산업단지,효성전자 ,경기도 화성시 서신면 장외리 651-4번지,전기전자
화성전곡해양일반산업단지,흥진기업(주),경기도 화성시 서신면 전곡리 1116-1,기타
화성전곡해양일반산업단지,흥진기업(주) ,경기도 화성시 서신면 전곡리 1116-3,기타
화성정남일반산업단지,(주)HS하이테크,경기도 화성시 정남면 음양리 569번지,전기전자
화성정남일반산업단지,(주)SPL ,경기도 화성시 정남면 음양리 976-0,기타
화성정남일반산업단지,(주)경원알미늄,경기도 화성시 정남면 음양리 893,기타
화성정남일반산업단지,(주)고려이엠씨 ,경기도 화성시 정남면 음양리 858,기타
화성정남일반산업단지,(주)내츄럴스,경기도 화성시 정남면 음양리 959,음식료
화성정남일반산업단지,(주)네스텍코리아,경기도 화성시 정남면 음양리 254번지,전기전자
화성정남일반산업단지,(주)노바텍,경기도 화성시 정남면 음양리 894,기타
화성정남일반산업단지,(주)대명테크놀러지 ,경기도 화성시 정남면 음양리 868,위험물등
화성정남일반산업단지,(주)대한엔지니어링 ,경기도 화성시 정남면 음양리 623번지,전기전자
화성정남일반산업단지,(주)드림메카텍,경기도 화성시 정남면 음양리 888,전기전자
화성정남일반산업단지,(주)드림메카텍 ,경기도 화성시 정남면 음양리 889,전기전자
화성정남일반산업단지,(주)디와이케미칼 ,경기도 화성시 정남면 음양리 876-0,위험물등
화성정남일반산업단지,(주)명성 화성공장,경기도 화성시 정남면 음양리 862,전기전자
화성정남일반산업단지,(주)목원테크,경기도 화성시 정남면 음양리 281번지,기타
화성정남일반산업단지,(주)미래몰드에칭,경기도 화성시 정남면 음양리 923,기타
화성정남일반산업단지,(주)뷰웍스 ,경기도 화성시 정남면 음양리 844-0,기타
화성정남일반산업단지,(주)브라이튼,경기도 화성시 정남면 음양리 269번지,위험물등
화성정남일반산업단지,(주)세현테크,경기도 화성시 정남면 음양리 958-0,전기전자
화성정남일반산업단지,(주)신성텍,경기도 화성시 정남면 음양리 901,전기전자
화성정남일반산업단지,(주)신우아이시티,경기도 화성시 정남면 음양리 950,기타
화성정남일반산업단지,(주)신진에스엠지점,경기도 화성시 정남면 음양리 842,전기전자
화성정남일반산업단지,(주)아스플로 ,경기도 화성시 정남면 음양리 899-0,기타
화성정남일반산업단지,(주)아이에스컴퍼니,경기도 화성시 정남면 음양리 897,기타
화성정남일반산업단지,(주)앤아이윈 ,경기도 화성시 정남면 음양리 972-0,위험물등
화성정남일반산업단지,(주)에버웰,경기도 화성시 정남면 음양리 956,기타
화성정남일반산업단지,(주)에스아이 ,경기도 화성시 정남면 음양리 602번지,전기전자
화성정남일반산업단지,(주)에스앤지,경기도 화성시 정남면 음양리 874,기타
화성정남일반산업단지,(주)에스에이치티 ,경기도 화성시 정남면 음양리 891,전기전자
화성정남일반산업단지,(주)에스엔에프,경기도 화성시 정남면 음양리 918,전기전자
화성정남일반산업단지,(주)에스피시스템즈,경기도 화성시 정남면 음양리 896-0,전기전자
화성정남일반산업단지,(주)에이비솔루션 ,경기도 화성시 정남면 음양리 556-0,기타
화성정남일반산업단지,(주)에이치앤제이,경기도 화성시 정남면 음양리 628번지,위험물등
화성정남일반산업단지,(주)에프피에이,경기도 화성시 정남면 음양리 551번지,전기전자
화성정남일반산업단지,(주)에프피에이,경기도 화성시 정남면 음양리 874,위험물등
화성정남일반산업단지,(주)엔에스아이,경기도 화성시 정남면 음양리 886,기타
화성정남일반산업단지,(주)엔에스인터내셔널 ,경기도 화성시 정남면 음양리 886,기타
화성정남일반산업단지,(주)엔엔테크,경기도 화성시 정남면 음양리 564번지,기타
화성정남일반산업단지,(주)엘루오 ,경기도 화성시 정남면 음양리 875,기타
화성정남일반산업단지,(주)엠피테크 ,경기도 화성시 정남면 음양리 259번지,기타
화성정남일반산업단지,(주)와이제이,경기도 화성시 정남면 음양리 863-0,기타
화성정남일반산업단지,(주)우신테크 ,경기도 화성시 정남면 음양리 914,기타
화성정남일반산업단지,(주)우주철강,경기도 화성시 정남면 음양리 911,기타
화성정남일반산업단지,(주)원앤유엔씨테크,경기도 화성시 정남면 음양리 867,위험물등
화성정남일반산업단지,(주)원일엠텍 ,경기도 화성시 정남면 음양리 898-0,기타
화성정남일반산업단지,(주)원케미컬,경기도 화성시 정남면 음양리 274-0,위험물등
화성정남일반산업단지,(주)웰메이드생활건강 ,경기도 화성시 정남면 음양리 944,기타
화성정남일반산업단지,(주)유엔씨테크,경기도 화성시 정남면 음양리 231번지,위험물등
화성정남일반산업단지,(주)이노메트리,경기도 화성시 정남면 음양리 585번지,위험물등
화성정남일반산업단지,(주)이노메트리,경기도 화성시 정남면 음양리 855,기타
화성정남일반산업단지,(주)이노메트리 ,경기도 화성시 정남면 음양리 265-0,위험물등
화성정남일반산업단지,(주)이에스디코리아 ,경기도 화성시 정남면 음양리 970,위험물등
화성정남일반산업단지,(주)이엔지케이 ,경기도 화성시 정남면 음양리 912-0,기타
화성정남일반산업단지,(주)인텍오토메이션,경기도 화성시 정남면 음양리 934,전기전자
화성정남일반산업단지,(주)일진,경기도 화성시 정남면 음양리 904-0,기타
화성정남일반산업단지,(주)케이지원 ,경기도 화성시 정남면 음양리 921,기타
화성정남일반산업단지,(주)코리아솔루션 ,경기도 화성시 정남면 음양리 298번지,전기전자
화성정남일반산업단지,(주)코스만,경기도 화성시 정남면 음양리 622-3번지,기타
화성정남일반산업단지,(주)태성 ,경기도 화성시 정남면 음양리 919-0,기타
화성정남일반산업단지,(주)통해,경기도 화성시 정남면 음양리 279번지,기타
화성정남일반산업단지,(주)티제이텍,경기도 화성시 정남면 음양리 564번지,기타
화성정남일반산업단지,(주)판코리아,경기도 화성시 정남면 음양리 854,전기전자
화성정남일반산업단지,(주)패스트,경기도 화성시 정남면 음양리 575번지,기타
화성정남일반산업단지,(주)펨빅스 ,경기도 화성시 정남면 음양리 887,전기전자
화성정남일반산업단지,(주)퓨어코스,경기도 화성시 정남면 음양리 237번지,기타
화성정남일반산업단지,(주)핌스,경기도 화성시 정남면 음양리 259-0,기타
화성정남일반산업단지,(주)한에너지시스템 ,경기도 화성시 정남면 음양리 896-0,기타
화성정남일반산업단지,(주)해원티앤디 ,경기도 화성시 정남면 음양리 617-2번지,위험물등
화성정남일반산업단지,(주)현진테크놀로지,경기도 화성시 정남면 음양리 898-0,전기전자
화성정남일반산업단지,(주)휴텍,경기도 화성시 정남면 음양리 279번지,기타
화성정남일반산업단지,금륜ENG ,경기도 화성시 정남면 음양리 957,전기전자
화성정남일반산업단지,노벨이엔씨(주),경기도 화성시 정남면 음양리 864-0,기타
화성정남일반산업단지,대동메탈(주),경기도 화성시 정남면 음양리 893,기타
화성정남일반산업단지,대산지오텍(주),경기도 화성시 정남면 음양리 258번지,전기전자
화성정남일반산업단지,대영써스텍,경기도 화성시 정남면 음양리 580-0,기타
화성정남일반산업단지,두산에이치투이노베이션(주),경기도 화성시 정남면 음양리 896,기타
화성정남일반산업단지,메카플러스(주) ,경기도 화성시 정남면 음양리 946,위험물등
화성정남일반산업단지,바디솔라헬스케어인더스트리,정남면 음양리 896,기타
화성정남일반산업단지,성도엔지니어링(주) ,경기도 화성시 정남면 음양리 323-1번지,기타
화성정남일반산업단지,세웅이앤씨(주),경기도 화성시 정남면 음양리 288번지,전기전자
화성정남일반산업단지,아오메탈(주),경기도 화성시 정남면 음양리 251번지,기타
화성정남일반산업단지,아주테크 ,경기도 화성시 정남면 음양리 895,기타
화성정남일반산업단지,에이치알에스,경기도 화성시 정남면 음양리 894,기타
화성정남일반산업단지,엘앤에스정공(주),경기도 화성시 정남면 음양리 910,전기전자
화성정남일반산업단지,원슈퍼드릴 ,경기도 화성시 정남면 음양리 238번지,기타
화성정남일반산업단지,이노로보틱스(주),경기도 화성시 정남면 음양리,전기전자
화성정남일반산업단지,이노로보틱스(주),경기도 화성시 정남면 음양리 916-0,전기전자
화성정남일반산업단지,이젠임플란트(주),경기도 화성시 정남면 음양리 948,위험물등
화성정남일반산업단지,이튼일렉트리컬코리아 유한책임회사,경기도 화성시 정남면 음양리 904,기타
화성정남일반산업단지,정택유,경기도 화성시 정남면 음양리 938,기타
화성정남일반산업단지,주식회사 경기머신툴,경기도 화성시 정남면 음양리 259-0,기타
화성정남일반산업단지,코리아모터펌프(주),경기도 화성시 정남면 음양리 955,전기전자
화성정남일반산업단지,크라운,경기도 화성시 정남면 음양리 925,전기전자
화성정남일반산업단지,태영 Water Jet ,경기도 화성시 정남면 음양리 870,위험물등
화성정남일반산업단지,퓨어앤텍(주) ,경기도 화성시 정남면 음양리 629번지,기타
화성정남일반산업단지,프로텍,경기도 화성시 정남면 음양리 912-0,기타
화성향남제약일반산업단지,(주)다림티센 ,경기도 화성시 향남읍 상신리 907-5번지,기타
화성향남제약일반산업단지,명문바이오(주) ,경기도 화성시 향남읍 상신리 901-4번지,기타
화성향남제약일반산업단지,(주)가피바이오 ,경기도 화성시 향남읍 상신리 907-2번지,기타
화성향남제약일반산업단지,(주)다림바이오텍,경기도 화성시 향남읍 상신리 907-5번지,기타
화성향남제약일반산업단지,(주)대웅상사,경기도 화성시 향남읍 상신리 906-10번지,기타
화성향남제약일반산업단지,(주)대웅이엔지,경기도 화성시 향남읍 상신리 906-10번지,기타
화성향남제약일반산업단지,(주)대웅제약,경기도 화성시 향남읍 상신리 906-10번지,기타
화성향남제약일반산업단지,(주)동구바이오제약,경기도 화성시 향남읍 상신리 901-3번지,기타
화성향남제약일반산업단지,(주)리독스바이오,경기도 화성시 향남읍 상신리 907,기타
화성향남제약일반산업단지,(주)메디카코리아,경기도 화성시 향남읍 상신리 904-6번지,기타
화성향남제약일반산업단지,(주)비보존제약,경기도 화성시 향남읍 상신리 900-2번지,음식료
화성향남제약일반산업단지,(주)소야그린텍,경기도 화성시 향남읍 상신리 900-3번지,기타
화성향남제약일반산업단지,(주)시지바이오,경기도 화성시 향남읍 상신리 906-10번지,기타
화성향남제약일반산업단지,(주)알피바이오,경기도 화성시 향남읍 상신리 906-6번지,기타
화성향남제약일반산업단지,(주)유한크로락스,경기도 화성시 향남읍 상신리 904-4번지,위험물등
화성향남제약일반산업단지,(주)한국메디콤,경기도 화성시 향남읍 상신리 900-1번지,기타
화성향남제약일반산업단지,(주)한국파마,경기도 화성시 향남읍 상신리 907-8번지,기타
화성향남제약일반산업단지,(주)한국파마,경기도 화성시 향남읍 상신리 907-1번지,기타
화성향남제약일반산업단지,(주)화이트생명과학,경기도 화성시 향남읍 상신리 907-1번지,기타
화성향남제약일반산업단지,대웅바이오(주)제1공장,경기도 화성시 향남읍 상신리 906-5번지,기타
화성향남제약일반산업단지,대웅바이오(주)제2공장,경기도 화성시 향남읍 상신리 906-3번지,위험물등
화성향남제약일반산업단지,대원제약(주),경기도 화성시 향남읍 상신리 903-1번지,기타
화성향남제약일반산업단지,대한뉴팜(주) ,경기도 화성시 향남읍 상신리 904-3번지,기타
화성향남제약일반산업단지,동방에프티엘(주),경기도 화성시 향남읍 상신리 904-5,기타
화성향남제약일반산업단지,동방에프티엘(주)제2공장,경기도 화성시 향남읍 상신리 907-2번지,기타
화성향남제약일반산업단지,명문제약(주),경기도 화성시 향남읍 상신리 901-1번지,기타
화성향남제약일반산업단지,미쓰비시다나베파마코리아(주),경기도 화성시 향남읍 상신리 903-4번지,기타
화성향남제약일반산업단지,삼성메디코스(주) ,경기도 화성시 향남읍 상신리 905-2번지,기타
화성향남제약일반산업단지,삼성제약(주),경기도 화성시 향남읍 상신리 905-3,기타
화성향남제약일반산업단지,삼진제약(주),경기도 화성시 향남읍 상신리 904-2번지,기타
화성향남제약일반산업단지,삼천당제약(주) ,경기도 화성시 향남읍 상신리 904-1번지,기타
화성향남제약일반산업단지,안국건강(주),경기도 화성시 향남읍 상신리 903-5 번지,기타
화성향남제약일반산업단지,안국약품(주),경기도 화성시 향남읍 상신리 903-2번지,기타
화성향남제약일반산업단지,알보젠코리아(주),경기도 화성시 향남읍 상신리 902-3번지,기타
화성향남제약일반산업단지,에리슨제약(주),경기도 화성시 향남읍 상신리 907-7번지,기타
화성향남제약일반산업단지,에이치엘비제약 향남공장,경기도 화성시 향남읍 상신리 905-1번지,기타
화성향남제약일반산업단지,케이에스팩 주식회사,경기도 화성시 향남읍 상신리 902번지,위험물등
화성향남제약일반산업단지,케이에스팩 주식회사 ,경기도 화성시 향남읍 상신리 902-1,위험물등
화성향남제약일반산업단지,코스맥스(주) 제1공장,경기도 화성시 향남읍 상신리 902-1,기타
화성향남제약일반산업단지,코스맥스(주)제2공장,경기도 화성시 향남읍 상신리 902번지,기타
화성향남제약일반산업단지,태극제약(주) 화성지점,경기도 화성시 향남읍 상신리 907-4번지,기타
화성향남제약일반산업단지,풍림무약(주),경기도 화성시 향남읍 상신리 906-1번지,기타
화성향남제약일반산업단지,하나제약(주) 상신공장 ,경기도 화성시 향남읍 상신리 907-3번지,기타
화성향남제약일반산업단지,한국메디텍제약(주),경기도 화성시 향남읍 상신리 902-2번지,기타
화성향남제약일반산업단지,한국오츠카제약(주),경기도 화성시 향남읍 상신리 903번지,기타
화성향남제약일반산업단지,한국휴텍스제약(주),경기도 화성시 향남읍 상신리 907-6번지,기타
화성향남제약일반산업단지,화일약품(주),경기도 화성시 향남읍 상신리 904-7번지,기타
화성향남제약일반산업단지,환인제약(주),경기도 화성시 향남읍 상신리 905번지,기타
화성바이오밸리일반산업단지, (주)피앤씨패키지,경기도 화성시 마도면 청원리 1258번지,위험물등
화성바이오밸리일반산업단지,(유)유씨씨,경기도 화성시 마도면 청원리 1495,위험물등
화성바이오밸리일반산업단지,(주)강성산업,경기도 화성시 마도면 청원리 1298번지,기타
화성바이오밸리일반산업단지,(주)건일트레이,경기도 화성시 마도면 청원리 1249번지,기타
화성바이오밸리일반산업단지,(주)건흥철관,경기도 화성시 마도면 청원리 1298-0,기타
화성바이오밸리일반산업단지,(주)계성인더스트리,경기도 화성시 마도면 청원리 1489,위험물등
화성바이오밸리일반산업단지,(주)고원글로텍,경기도 화성시 마도면 청원리 1259-1번지,운송장비
화성바이오밸리일반산업단지,(주)고원금속,경기도 화성시 마도면 청원리 1259-1번지,운송장비
화성바이오밸리일반산업단지,(주)교우산업,경기도 화성시 마도면 청원리 1497번지,기타
화성바이오밸리일반산업단지,(주)그린에어테크,경기도 화성시 마도면 청원리 1456,기타
화성바이오밸리일반산업단지,(주)그린에어테크 ,경기도 화성시 마도면 청원리 1457,기타
화성바이오밸리일반산업단지,(주)금영이엔지,마도면 청원리 1425,기타
화성바이오밸리일반산업단지,(주)기륭산업,경기도 화성시 마도면 청원리 1470번지,기타
화성바이오밸리일반산업단지,(주)꼬레본,경기도 화성시 마도면 청원리 1389,기타
화성바이오밸리일반산업단지,(주)나노시스,경기도 화성시 마도면 청원리 1347,기타
화성바이오밸리일반산업단지,(주)남동기계,경기도 화성시 마도면 청원리 1275번지,기타
화성바이오밸리일반산업단지,(주)남아월드와이드,경기도 화성시 마도면 청원리 1372-0,기타
화성바이오밸리일반산업단지,(주)뉴솔,경기도 화성시 마도면 청원리 1487,위험물등
화성바이오밸리일반산업단지,(주)다온테크윈 제2공장,경기도 화성시 마도면 청원리 1297,기타
화성바이오밸리일반산업단지,(주)다우산 ,경기도 화성시 마도면 청원리 1289번지,기타
화성바이오밸리일반산업단지,(주)다해산업,경기도 화성시 마도면 청원리 1258번지,목재종이출판
화성바이오밸리일반산업단지,(주)대리버플러스 ,경기도 화성시 마도면 청원리 1449번지,목재종이출판
화성바이오밸리일반산업단지,(주)대명열처리,경기도 화성시 마도면 청원리 574-15번지,기타
화성바이오밸리일반산업단지,(주)대명케미칼,경기도 화성시 마도면 청원리 1249번지,위험물등
화성바이오밸리일반산업단지,(주)대진화학,경기도 화성시 마도면 청원리 1449,목재종이출판
화성바이오밸리일반산업단지,(주)대호산업,경기도 화성시 마도면 청원리 1451,위험물등
화성바이오밸리일반산업단지,(주)대흥화학,경기도 화성시 마도면 청원리 1248번지,위험물등
화성바이오밸리일반산업단지,(주)덕원정밀,경기도 화성시 마도면 청원리 1306번지,기타
화성바이오밸리일반산업단지,(주)동우자동도어,경기도 화성시 마도면 청원리 1304,기타
화성바이오밸리일반산업단지,(주)디어스엠 ,경기도 화성시 마도면 청원리 1327번지,목재종이출판
화성바이오밸리일반산업단지,(주)디와이솔리텍 ,경기도 화성시 마도면 청원리 1301번지,기타
화성바이오밸리일반산업단지,(주)디와이엠씨,경기도 화성시 마도면 청원리 1295-0,기타
화성바이오밸리일반산업단지,(주)메가코스,경기도 화성시 마도면 청원리 1418,기타
화성바이오밸리일반산업단지,(주)명신기연,경기도 화성시 마도면 청원리 1249번지,위험물등
화성바이오밸리일반산업단지,(주)명진강업,경기도 화성시 마도면 청원리 1288번지,기타
화성바이오밸리일반산업단지,(주)미디안,경기도 화성시 마도면 청원리 1389,위험물등
화성바이오밸리일반산업단지,(주)미디안테크,경기도 화성시 마도면 청원리 954번지,위험물등
화성바이오밸리일반산업단지,(주)바로푸드,경기도 화성시 마도면 청원리 1413-0,기타
화성바이오밸리일반산업단지,(주)반디프린팅,경기도 화성시 마도면 청원리 1397번지,목재종이출판
화성바이오밸리일반산업단지,(주)백두엔지니어링 ,경기도 화성시 마도면 청원리 1454번지,전기전자
화성바이오밸리일반산업단지,(주)비디엠 ,경기도 화성시 마도면 청원리 1454번지,기타
화성바이오밸리일반산업단지,(주)비에스시스템족장기술,경기도 화성시 마도면 청원리 1249번지,기타
화성바이오밸리일반산업단지,(주)삼미,경기도 화성시 마도면 청원리 1476-0,위험물등
화성바이오밸리일반산업단지,(주)삼성잉크 ,경기도 화성시 마도면 청원리 1321,목재종이출판
화성바이오밸리일반산업단지,(주)삼신기계,경기도 화성시 마도면 청원리 1249번지,기타
화성바이오밸리일반산업단지,(주)성산화학,경기도 화성시 마도면 청원리 1491,기타
화성바이오밸리일반산업단지,(주)성원토건,경기도 화성시 마도면 청원리 1276,기타
화성바이오밸리일반산업단지,(주)성지산업,경기도 화성시 마도면 청원리 1390번지,기타
화성바이오밸리일반산업단지,(주)세일산기,경기도 화성시 마도면 청원리 1347,기타
화성바이오밸리일반산업단지,(주)세진에스엠티,경기도 화성시 마도면 청원리 1402,기타
화성바이오밸리일반산업단지,(주)셀바이오휴먼텍,경기도 화성시 마도면 청원리 1427번지,기타
화성바이오밸리일반산업단지,(주)솔로몬,경기도 화성시 마도면 청원리 1287,기타
화성바이오밸리일반산업단지,(주)수테크엔바이오 ,경기도 화성시 마도면 청원리 1249번지,위험물등
화성바이오밸리일반산업단지,(주)순바이오팜,경기도 화성시 마도면 청원리 1283-0,기타
화성바이오밸리일반산업단지,(주)신성,경기도 화성시 마도면 청원리 1249번지,기타
화성바이오밸리일반산업단지,(주)신양화학 ,경기도 화성시 마도면 청원리 1377번지,위험물등
화성바이오밸리일반산업단지,(주)신우엠테크,경기도 화성시 마도면 청원리 1290번지,기타
화성바이오밸리일반산업단지,(주)신화에프에이,경기도 화성시 마도면 청원리 1379,기타
화성바이오밸리일반산업단지,(주)쌍희,경기도 화성시 마도면 청원리 1441,기타
화성바이오밸리일반산업단지,(주)씨디아이,경기도 화성시 마도면 청원리 1329번지,위험물등
화성바이오밸리일반산업단지,(주)씨앤씨테크,경기도 화성시 마도면 청원리 1467,위험물등
화성바이오밸리일반산업단지,(주)아세아볼트 화성지점,경기도 화성시 마도면 청원리 1406번지,기타
화성바이오밸리일반산업단지,(주)아이앤티산업 ,경기도 화성시 마도면 청원리 1380번지,기타
화성바이오밸리일반산업단지,(주)안남테크,경기도 화성시 마도면 청원리 1390번지,운송장비
화성바이오밸리일반산업단지,(주)알피바이오,경기도 화성시 마도면 청원리 1496번지,기타
화성바이오밸리일반산업단지,(주)에버켐텍,경기도 화성시 마도면 청원리 1463번지,위험물등
화성바이오밸리일반산업단지,(주)에스앤티,경기도 화성시 마도면 청원리 1249번지,기타
화성바이오밸리일반산업단지,(주)에이치엠이,경기도 화성시 마도면 청원리 1291,기타
화성바이오밸리일반산업단지,(주)에코씨디아이,경기도 화성시 마도면 청원리 1329번지,위험물등
화성바이오밸리일반산업단지,(주)에코폴리머,경기도 화성시 마도면 청원리 1448번지,기타
화성바이오밸리일반산업단지,(주)에프원텍,경기도 화성시 마도면 청원리 1249번지,기타
화성바이오밸리일반산업단지,(주)엘파워텍,경기도 화성시 마도면 청원리 1305번지,기타
화성바이오밸리일반산업단지,(주)엠에스씨,경기도 화성시 마도면 청원리 1450,위험물등
화성바이오밸리일반산업단지,(주)엠티엠,경기도 화성시 마도면 청원리 1389,기타
화성바이오밸리일반산업단지,(주)영스틸,경기도 화성시 마도면 청원리 1270,기타
화성바이오밸리일반산업단지,(주)영신엔지니어링 화성공장 ,경기도 화성시 마도면 청원리 1293번지,기타
화성바이오밸리일반산업단지,(주)영진파워텍,경기도 화성시 마도면 청원리 1445,기타
화성바이오밸리일반산업단지,(주)예진화장품 ,경기도 화성시 마도면 청원리 1482번지,기타
화성바이오밸리일반산업단지,(주)오네스토펫푸드,경기도 화성시 마도면 청원리 1490,기타
화성바이오밸리일반산업단지,(주)우리티이에스,경기도 화성시 마도면 청원리 1456,기타
화성바이오밸리일반산업단지,(주)우성엠에프,경기도 화성시 마도면 청원리 1258번지,위험물등
화성바이오밸리일반산업단지,(주)원클라스,경기도 화성시 마도면 청원리 1424,기타
화성바이오밸리일반산업단지,(주)원텍,경기도 화성시 마도면 청원리 1461번지,운송장비
화성바이오밸리일반산업단지,(주)월드켐,경기도 화성시 마도면 청원리 1474번지,위험물등
화성바이오밸리일반산업단지,(주)윈테크코퍼레이션,경기도 화성시 마도면 청원리 1285,기타
화성바이오밸리일반산업단지,(주)유성엔지니어링,경기도 화성시 마도면 청원리 1444번지,기타
화성바이오밸리일반산업단지,(주)유수산업,경기도 화성시 마도면 청원리 1443번지,기타
화성바이오밸리일반산업단지,(주)유시스,경기도 화성시 마도면 청원리 1435번지,위험물등
화성바이오밸리일반산업단지,(주)유신공업,경기도 화성시 마도면 청원리 1421,기타
화성바이오밸리일반산업단지,(주)유진스프링,경기도 화성시 마도면 청원리 1261-1번지,기타
화성바이오밸리일반산업단지,(주)유한화학,경기도 화성시 마도면 청원리 1323,위험물등
화성바이오밸리일반산업단지,(주)이에스피켐,경기도 화성시 마도면 청원리 1258번지,위험물등
화성바이오밸리일반산업단지,(주)이화이엔씨,경기도 화성시 마도면 청원리 1249번지,기타
화성바이오밸리일반산업단지,(주)일성화학,경기도 화성시 마도면 청원리 1480번지,기타
화성바이오밸리일반산업단지,(주)제이앤씨,경기도 화성시 마도면 청원리 1249번지,기타
화성바이오밸리일반산업단지,(주)제이월드산업,경기도 화성시 마도면 청원리 1384번지,위험물등
화성바이오밸리일반산업단지,(주)제이제이테크 ,경기도 화성시 마도면 청원리 1350번지,기타
화성바이오밸리일반산업단지,(주)제이피이노베이션,경기도 화성시 마도면 청원리 1322,기타
화성바이오밸리일반산업단지,(주)제이피켐,경기도 화성시 마도면 청원리 1322,위험물등
화성바이오밸리일반산업단지,(주)제일캐노피,경기도 화성시 마도면 청원리 564-19번지,기타
화성바이오밸리일반산업단지,(주)준성이엔지,경기도 화성시 마도면 청원리 1249번지,운송장비
화성바이오밸리일반산업단지,(주)지제이테크,경기도 화성시 마도면 청원리 1254번지,위험물등
화성바이오밸리일반산업단지,(주)진성에스앤피,경기도 화성시 마도면 청원리 564-58번지,운송장비
화성바이오밸리일반산업단지,(주)진세에프앤씨,경기도 화성시 마도면 청원리 1249번지,기타
화성바이오밸리일반산업단지,(주)진흥엔지니어링,경기도 화성시 마도면 청원리 1443-0,기타
화성바이오밸리일반산업단지,(주)창대기업,경기도 화성시 마도면 청원리 1317번지,기타
화성바이오밸리일반산업단지,(주)천일,경기도 화성시 마도면 청원리 1403,기타
화성바이오밸리일반산업단지,(주)케이산업,경기도 화성시 마도면 청원리 1300번지,기타
화성바이오밸리일반산업단지,(주)케이스탑,경기도 화성시 마도면 청원리 1258번지,위험물등
화성바이오밸리일반산업단지,(주)켐텍스코리아,경기도 화성시 마도면 청원리 1249번지,기타
화성바이오밸리일반산업단지,(주)코스폴,경기도 화성시 마도면 청원리 1249번지,위험물등
화성바이오밸리일반산업단지,(주)코테크 화성지점,경기도 화성시 마도면 청원리 1495,위험물등
화성바이오밸리일반산업단지,(주)태성분체,경기도 화성시 마도면 청원리 1299번지,기타
화성바이오밸리일반산업단지,(주)파머스그레인코리아 ,경기도 화성시 마도면 청원리 1249번지,기타
화성바이오밸리일반산업단지,(주)펫퍼스,경기도 화성시 마도면 청원리 1250-5번지,기타
화성바이오밸리일반산업단지,(주)포스켐,경기도 화성시 마도면 청원리 1249번지,기타
화성바이오밸리일반산업단지,(주)푸른친구들 ,경기도 화성시 마도면 청원리 1283-0,기타
화성바이오밸리일반산업단지,(주)프라임광학,경기도 화성시 마도면 청원리 1274번지,기타
화성바이오밸리일반산업단지,(주)프로코,경기도 화성시 마도면 청원리 1249번지,위험물등
화성바이오밸리일반산업단지,(주)피티비이엔지,경기도 화성시 마도면 청원리 1249번지,운송장비
화성바이오밸리일반산업단지,(주)픽스턴,경기도 화성시 마도면 청원리 1346,기타
화성바이오밸리일반산업단지,(주)하나로샤시,경기도 화성시 마도면 청원리 1258번지,위험물등
화성바이오밸리일반산업단지,(주)한국분산,경기도 화성시 마도면 청원리 1249번지,기타
화성바이오밸리일반산업단지,(주)한국스틸웨어,경기도 화성시 마도면 청원산단1길 20,기타
화성바이오밸리일반산업단지,(주)한국스틸웨어,경기도 화성시 마도면 청원리 1400,기타
화성바이오밸리일반산업단지,(주)한솔바이오텍,경기도 화성시 마도면 청원리 1419,기타
화성바이오밸리일반산업단지,(주)한송인더스트리,경기도 화성시 마도면 청원리 1464,위험물등
화성바이오밸리일반산업단지,(주)한일정공,경기도 화성시 마도면 청원리 1249번지,운송장비
화성바이오밸리일반산업단지,(주)한일정공,경기도 화성시 마도면 청원리 1376번지,운송장비
화성바이오밸리일반산업단지,(주)해찬정밀,경기도 화성시 마도면 청원리 1248번지,기타
화성바이오밸리일반산업단지,(주)해토,경기도 화성시 마도면 청원리 1296,전기전자
화성바이오밸리일반산업단지,(주)헥사파마텍,경기도 화성시 마도면 청원리 1414,기타
화성바이오밸리일반산업단지,(주)현대알루미늄,경기도 화성시 마도면 청원리 1349번지,기타
화성바이오밸리일반산업단지,(주)현민피앤디,경기도 화성시 마도면 청원리 1258번지,목재종이출판
화성바이오밸리일반산업단지,(주)혜성테크,경기도 화성시 마도면 청원리 1263번지,기타
화성바이오밸리일반산업단지,(주)화성산업,경기도 화성시 마도면 청원리 1470,기타
화성바이오밸리일반산업단지,(주)화인코왁,경기도 화성시 마도면 청원리 1289번지,기타
화성바이오밸리일반산업단지,KSV엔지니어링,경기도 화성시 마도면 청원리 1405번지,기타
화성바이오밸리일반산업단지,㈜대웅케미칼,경기도 화성시 마도면 청원리 1475,위험물등
화성바이오밸리일반산업단지,㈜동양엔진텍,경기도 화성시 마도면 청원리 1282번지,기타
화성바이오밸리일반산업단지,㈜창일테크,경기도 화성시 마도면 청원리 1379번지,기타
화성바이오밸리일반산업단지,계산특수강(주),경기도 화성시 마도면 청원리 1346-0,기타
화성바이오밸리일반산업단지,광동케미칼(주),경기도 화성시 마도면 청원리 1249번지,기타
화성바이오밸리일반산업단지,국도화학(주),경기도 화성시 마도면 청원리 1498번지,위험물등
화성바이오밸리일반산업단지,글로벌ENG,경기도 화성시 마도면 청원리 1263번지,기타
화성바이오밸리일반산업단지,나노전자,경기도 화성시 마도면 청원리 1259-1번지,기타
화성바이오밸리일반산업단지,남광철강,경기도 화성시 마도면 청원리 1249번지,기타
화성바이오밸리일반산업단지,다우실란트산업(주)화성바이오밸리지점,경기도 화성시 마도면 청원리 1409,위험물등
화성바이오밸리일반산업단지,단원파렛트,경기도 화성시 마도면 청원리 1248번지,기타
화성바이오밸리일반산업단지,대성스틸(주) ,경기도 화성시 마도면 청원리 1311번지,기타
화성바이오밸리일반산업단지,대성스틸(주) ,경기도 화성시 마도면 청원리 1310번지,기타
화성바이오밸리일반산업단지,대신알루텍(주),경기도 화성시 마도면 청원리 564-19번지,기타
화성바이오밸리일반산업단지,대신알루텍(주),경기도 화성시 마도면 청원리 1272번지,기타
화성바이오밸리일반산업단지,대영산기,경기도 화성시 마도면 청원리 1440번지,기타
화성바이오밸리일반산업단지,대일케미칼(주),경기도 화성시 마도면 청원리 1488번지,위험물등
화성바이오밸리일반산업단지,더블유엠(주),경기도 화성시 마도면 청원리 1403,기타
화성바이오밸리일반산업단지,동명기계(주),경기도 화성시 마도면 청원리 1284번지,기타
화성바이오밸리일반산업단지,동양다이캐스팅(주),경기도 화성시 마도면 청원리 1250-5번지,기타
화성바이오밸리일반산업단지,동양피스톤(주),경기도 화성시 마도면 청원리 1314,운송장비
화성바이오밸리일반산업단지,동화텍(주),경기도 화성시 마도면 청원리 1262-1번지,운송장비
화성바이오밸리일반산업단지,두진정공(주),경기도 화성시 마도면 청원리 1369번지,기타
화성바이오밸리일반산업단지,모아정밀,경기도 화성시 마도면 청원리 1422,기타
화성바이오밸리일반산업단지,몽고장유,경기도 화성시 마도면 청원리 1258번지,기타
화성바이오밸리일반산업단지,미래이엔씨,경기도 화성시 마도면 청원리 1297번지,기타
화성바이오밸리일반산업단지,미래정밀화학(주),경기도 화성시 마도면 청원리 1258번지,기타
화성바이오밸리일반산업단지,반도기공(주),경기도 화성시 마도면 청원리 1400번지,기타
화성바이오밸리일반산업단지,삼성정공,경기도 화성시 마도면 청원리 1261-1번지,기타
화성바이오밸리일반산업단지,삼성콘트롤(주),경기도 화성시 마도면 청원리 1263번지,위험물등
화성바이오밸리일반산업단지,삼우합금공업(주),경기도 화성시 마도면 청원리 1501,기타
화성바이오밸리일반산업단지,삼원공업(주),경기도 화성시 마도면 청원리 1258번지,위험물등
화성바이오밸리일반산업단지,삼일정공(주),경기도 화성시 마도면 청원리 1249번지,기타
화성바이오밸리일반산업단지,성민티에프(주) ,경기도 화성시 마도면 청원리 1439번지,기타
화성바이오밸리일반산업단지,성실종합공사,경기도 화성시 마도면 청원리 1439번지,기타
화성바이오밸리일반산업단지,송산산업,경기도 화성시 마도면 청원리 949-0,기타
화성바이오밸리일반산업단지,시화호이스트크레인(주),경기도 화성시 마도면 청원리 1258번지,기타
화성바이오밸리일반산업단지,신양케미칼 ,경기도 화성시 마도면 청원리 1377번지,위험물등
화성바이오밸리일반산업단지,신원스틸(주),경기도 화성시 마도면 청원리 1259-1번지,기타
화성바이오밸리일반산업단지,신한테크,경기도 화성시 마도면 청원리 1249번지,기타
화성바이오밸리일반산업단지,씨투라인(주) ,경기도 화성시 마도면 청원리 1326번지,위험물등
화성바이오밸리일반산업단지,암스텍산업(주),경기도 화성시 마도면 청원리 1249번지,기타
화성바이오밸리일반산업단지,에너진(주),경기도 화성시 마도면 청원리 564-28번지,기타
화성바이오밸리일반산업단지,에너진(주),경기도 화성시 마도면 청원리 1293-0,기타
화성바이오밸리일반산업단지,엘티씨(주),경기도 화성시 마도면 청원리 1320,위험물등
화성바이오밸리일반산업단지,엠디티(주),경기도 화성시 마도면 청원리 1280번지,운송장비
화성바이오밸리일반산업단지,엠에프씨(주),경기도 화성시 마도면 청원리 1249번지,기타
화성바이오밸리일반산업단지,오비오(주),경기도 화성시 마도면 청원리 1262-1번지,기타
화성바이오밸리일반산업단지,오엠지,경기도 화성시 마도면 청원리 1271,기타
화성바이오밸리일반산업단지,와이제이테크,경기도 화성시 마도면 청원리 1249번지,기타
화성바이오밸리일반산업단지,우영테크(주),경기도 화성시 마도면 청원리 1263번지,기타
화성바이오밸리일반산업단지,원형테크 ,경기도 화성시 마도면 청원리 1282번지,기타
화성바이오밸리일반산업단지,유구산업(주),경기도 화성시 마도면 청원리 1280번지,기타
화성바이오밸리일반산업단지,유니슨엔지니어링,경기도 화성시 마도면 청원리 1442,기타
화성바이오밸리일반산업단지,일광잉크페인트(주),경기도 화성시 마도면 청원리 1429,목재종이출판
화성바이오밸리일반산업단지,정원기공,경기도 화성시 마도면 청원리 1307-0,기타
화성바이오밸리일반산업단지,제이에스폴리텍(주),경기도 화성시 마도면 청원리 1395-0,목재종이출판
화성바이오밸리일반산업단지,제이와이지테크 ,경기도 화성시 마도면 청원리 1280번지,기타
화성바이오밸리일반산업단지,제트이브이(주),경기도 화성시 마도면 청원리 1280번지,운송장비
화성바이오밸리일반산업단지,주식회사 그린에어텍 제1공장 ,경기도 화성시 마도면 청원리 1458번지,기타
화성바이오밸리일반산업단지,주식회사 그린에어텍 제2공장 ,경기도 화성시 마도면 청원리 1458번지,기타
화성바이오밸리일반산업단지,주식회사 스마트켐,경기도 화성시 마도면 청원리 1313-0,기타
화성바이오밸리일반산업단지,주식회사 씨앤에이시스,경기도 화성시 마도면 청원리 1436번지,기타
화성바이오밸리일반산업단지,주식회사 애맥스 ,경기도 화성시 마도면 청원리 1259-1번지,기타
화성바이오밸리일반산업단지,주식회사 자 여 ,경기도 화성시 마도면 청원리 1460,운송장비
화성바이오밸리일반산업단지,주식회사 칼린,경기도 화성시 마도면 청원리 1326-0,위험물등
화성바이오밸리일반산업단지,주식회사 포엔,경기도 화성시 마도면 청원리 1279,운송장비
화성바이오밸리일반산업단지,주식회사 하이버스,경기도 화성시 마도면 청원리 574-32번지,전기전자
화성바이오밸리일반산업단지,진미산업,경기도 화성시 마도면 청원리 1296번지,기타
화성바이오밸리일반산업단지,진종합건설(주),경기도 화성시 마도면 청원리 954번지,기타
화성바이오밸리일반산업단지,진종합건설(주),경기도 화성시 마도면 청원리 1374번지,기타
화성바이오밸리일반산업단지,천우이엔지,경기도 화성시 마도면 청원리 574-32번지,기타
화성바이오밸리일반산업단지,첨단산업,경기도 화성시 마도면 청원리 1259-1번지,기타
화성바이오밸리일반산업단지,청솔바이오코스(주) ,경기도 화성시 마도면 청원리 1415번지,기타
화성바이오밸리일반산업단지,청우화학(주),경기도 화성시 마도면 청원리 1477번지,목재종이출판
화성바이오밸리일반산업단지,커민스필터 주식회사,경기도 화성시 마도면 청원리 1313-0,운송장비
화성바이오밸리일반산업단지,코리아에너지솔루션(주),경기도 화성시 마도면 청원리 1289-0,기타
화성바이오밸리일반산업단지,코텍,경기도 화성시 마도면 청원리 1305,기타
화성바이오밸리일반산업단지,태산,경기도 화성시 마도면 청원리 1443번지,기타
화성바이오밸리일반산업단지,태영산업기계(주),경기도 화성시 마도면 청원리 1399,기타
화성바이오밸리일반산업단지,티피에스(주),경기도 화성시 마도면 청원리 1348-0,목재종이출판
화성바이오밸리일반산업단지,퍼시픽월드,경기도 화성시 마도면 청원리 1442,기타
화성바이오밸리일반산업단지,포인테크,경기도 화성시 마도면 청원리 1388,운송장비
화성바이오밸리일반산업단지,플러스에이원 주식회사,경기도 화성시 마도면 청원리 1444-0,기타
화성바이오밸리일반산업단지,한국티타늄(주),경기도 화성시 마도면 청원리 1400-0,기타
화성바이오밸리일반산업단지,한림기계(주),경기도 화성시 마도면 청원리 1294번지,기타
화성바이오밸리일반산업단지,현진팩키지(주),경기도 화성시 마도면 청원리 1263번지,목재종이출판
화성바이오밸리일반산업단지,화신ENG(주),경기도 화성시 마도면 청원리 1304,기타
화성바이오밸리일반산업단지,희망테크프론,경기도 화성시 마도면 청원리 1407,기타
화성주곡일반산업단지,(주)경신,경기도 화성시 우정읍 주곡리 387-67번지,운송장비
화성주곡일반산업단지,(주)대원포장산업,경기도 화성시 우정읍 주곡리 387-7번지,위험물등
화성주곡일반산업단지,(주)상원 ,경기도 화성시 우정읍 주곡리 387-12번지,기타
화성주곡일반산업단지,(주)세진엔테크 ,경기도 화성시 우정읍 주곡리 387-35번지,기타
화성주곡일반산업단지,(주)애니코스 ,경기도 화성시 우정읍 주곡리 387-65번지,목재종이출판
화성주곡일반산업단지,(주)엠스코,경기도 화성시 우정읍 주곡리 387-36번지 358-7번지,운송장비
화성주곡일반산업단지,(주)이클린드림 ,경기도 화성시 우정읍 주곡리 387-74번지,음식료
화성주곡일반산업단지,(주)코시스,경기도 화성시 우정읍 주곡리 387-4,기타
화성주곡일반산업단지,(주)태성이앤아이,경기도 화성시 우정읍 주곡리 387-43번지,기타
화성주곡일반산업단지,건화기업(주),경기도 화성시 우정읍 주곡리 358-2번지,기타
화성주곡일반산업단지,금명엔지니어링,경기도 화성시 우정읍 주곡리 358-6번지,기타
화성주곡일반산업단지,대림플라텍(주),경기도 화성시 우정읍 주곡리 387-38번지,위험물등
화성주곡일반산업단지,대진산업,경기도 화성시 우정읍 주곡리 387-68번지,목재종이출판
화성주곡일반산업단지,미주산업,경기도 화성시 우정읍 주곡리 358-2번지,기타
화성주곡일반산업단지,신명기업,경기도 화성시 우정읍 주곡리 382-7번지,기타
화성주곡일반산업단지,신아플랜트서비스주식회사,경기도 화성시 우정읍 주곡리 387-11번지,기타
화성주곡일반산업단지,신호산업,경기도 화성시 우정읍 주곡리 387-26번지,목재종이출판
화성주곡일반산업단지,씨엔알테크 주식회사,경기도 화성시 우정읍 주곡리 387-64,기타
화성주곡일반산업단지,오성플랜트,경기도 화성시 우정읍 주곡리 387-35번지,기타
화성주곡일반산업단지,주식회사 우성특수선,경기도 화성시 우정읍 주곡리 387-25번지,기타
화성주곡일반산업단지,주식회사 조이테크,경기도 화성시 우정읍 주곡리 382-10번지,기타
화성주곡일반산업단지,주식회사 태일케이블,경기도 화성시 우정읍 주곡리 387-34,기타
화성주곡일반산업단지,코코스팩주식회사,경기도 화성시 우정읍 주곡리 387-9번지,위험물등
화성주곡일반산업단지,태양기계,경기도 화성시 우정읍 주곡리 387-44,운송장비
화성주곡일반산업단지,팬드롤코리아(주) ,경기도 화성시 우정읍 주곡리 387-12번지,위험물등
화성화남일반산업단지,(주)거성산업,경기도 화성시 서신면 송교리 42-22,기타
화성화남일반산업단지,(주)대광중공업,경기도 화성시 서신면 송교리 42-132,기타
화성화남일반산업단지,(주)덕인,경기도 화성시 서신면 송교리 42-98 번지,기타
화성화남일반산업단지,(주)룩스그린,경기도 화성시 서신면 송교리 42-94,기타
화성화남일반산업단지,(주)에이치엠 ,경기도 화성시 서신면 송교리 42-60번지,기타
화성화남일반산업단지,(주)엠알온,경기도 화성시 서신면 송교리 42-76,기타
화성화남일반산업단지,(주)예인산업개발,경기도 화성시 서신면 송교리 42-78번지,기타
화성화남일반산업단지,(주)코스텍,경기도 화성시 서신면 송교리 42-60번지,기타
화성화남일반산업단지,(주)태종이엔씨,경기도 화성시 서신면 송교리 42-24,기타
화성화남일반산업단지,KYT,경기도 화성시 서신면 송교리 42-62,기타
화성화남일반산업단지,늘푸른골프개발(주),경기도 화성시 서신면 송교리 42-73,기타
화성화남일반산업단지,늘푸른골프개발(주),경기도 화성시 서신면 송교리 42-66,기타
화성화남일반산업단지,두영기업,경기도 화성시 서신면 송교리 42-96번지,기타
화성화남일반산업단지,만대테크,경기도 화성시 서신면 송교리 42-61,기타
화성화남일반산업단지,미우산업,경기도 화성시 서신면 송교리 42-74,기타
화성화남일반산업단지,보화이엔지,경기도 화성시 서신면 송교리 42-147번지,기타
화성화남일반산업단지,부성,경기도 화성시 서신면 송교리 42-100,기타
화성화남일반산업단지,승화콘테이너,경기도 화성시 서신면 송교리 42-101,기타
화성화남일반산업단지,아이원산업,경기도 화성시 서신면 송교리 42-22,기타
화성화남일반산업단지,영선테크,경기도 화성시 서신면 송교리 42-74,기타
화성화남일반산업단지,우성스틸,경기도 화성시 서신면 송교리 42-66,기타
화성화남일반산업단지,원창산업개발,경기도 화성시 서신면 송교리 42-144,기타
화성화남일반산업단지,전병찬 ,경기도 화성시 서신면 송교리 42-73,기타
화성화남일반산업단지,주산산업,경기도 화성시 서신면 송교리 42-53,기타
화성화남일반산업단지,주식회사 룩스그린,경기도 화성시 서신면 송교리 42-96,기타
화성화남일반산업단지,중앙기공,경기도 화성시 서신면 송교리 42-61,기타
화성화남일반산업단지,철강산업,경기도 화성시 서신면 송교리 42-77번지,기타
화성화남일반산업단지,청원 ,경기도 화성시 서신면 송교리 42-132,기타
화성화남일반산업단지,케이와이티(주),경기도 화성시 서신면 송교리 42-120번지,기타
화성화남일반산업단지,태영강업,경기도 화성시 서신면 송교리 42-71번지,기타
화성화남일반산업단지,태영강업,경기도 화성시 서신면 송교리 42-72,기타
화성화남일반산업단지,태형철강(주),경기도 화성시 서신면 송교리 42-71번지,기타
화성화남일반산업단지,하나엔비텍(주),경기도 화성시 서신면 송교리 42-79번지,기타
화성화남일반산업단지,하나엔비텍(주) ,경기도 화성시 서신면 송교리 887-2번지,기타
화성화남일반산업단지,하나플랜트,경기도 화성시 서신면 송교리 42-99번지,기타
화성화남일반산업단지,한성크린텍(주),경기도 화성시 서신면 송교리 42-79번지,기타
화성송산테크노파크일반산업단지,(사)대한해외참전전우회 피스파크사업소,경기도 화성시 송산면 중송리 575-3,기타
화성송산테크노파크일반산업단지,(주)극동프레스 ,경기도 화성시 송산면 지화리 160-13,기타
화성송산테크노파크일반산업단지,(주)대경테크,경기도 화성시 송산면 지화리 160-11번지,기타
화성송산테크노파크일반산업단지,(주)더블유비,경기도 화성시 송산면 지화리 685-6,기타
화성송산테크노파크일반산업단지,(주)동방산업,경기도 화성시 송산면 지화리 685-1,기타
화성송산테크노파크일반산업단지,(주)동원환경,경기도 화성시 송산면 지화리 685-2,기타
화성송산테크노파크일반산업단지,(주)디에스피,경기도 화성시 송산면 지화리 686-7,목재종이출판
화성송산테크노파크일반산업단지,(주)라움,경기도 화성시 송산면 중송리 572-8,기타
화성송산테크노파크일반산업단지,(주)럼플리어,경기도 화성시 송산면 지화리 687-2,기타
화성송산테크노파크일반산업단지,(주)리버스인터내셔날,경기도 화성시 송산면 지화리 160-13,기타
화성송산테크노파크일반산업단지,(주)멘토티앤씨,경기도 화성시 송산면 지화리 160-3,기타
화성송산테크노파크일반산업단지,(주)명인포장,경기도 화성시 송산면 지화리 687-2,목재종이출판
화성송산테크노파크일반산업단지,(주)몰텍스 화성공장,경기도 화성시 송산면 중송리 574-6,기타
화성송산테크노파크일반산업단지,(주)브랜뉴머시너리,경기도 화성시 송산면 중송리 574-7,기타
화성송산테크노파크일반산업단지,(주)비알티코퍼레이션 ,경기도 화성시 송산면 지화리 686-9,기타
화성송산테크노파크일반산업단지,(주)비티원,경기도 화성시 송산면 지화리 160-12,기타
화성송산테크노파크일반산업단지,(주)삼원코브라,경기도 화성시 송산면 중송리 571-3,기타
화성송산테크노파크일반산업단지,(주)서울화스너,경기도 화성시 송산면 중송리 572-11,기타
화성송산테크노파크일반산업단지,(주)선진산업개발,경기도 화성시 송산면 지화리 160-13,기타
화성송산테크노파크일반산업단지,(주)성지산업,경기도 화성시 송산면 중송리 577-1,기타
화성송산테크노파크일반산업단지,(주)성호에스티,경기도 화성시 송산면 중송리 572-7,기타
화성송산테크노파크일반산업단지,(주)신환씨스템,경기도 화성시 송산면 중송리 574-3,기타
화성송산테크노파크일반산업단지,(주)신흥코리아,경기도 화성시 송산면 지화리 684-4,기타
화성송산테크노파크일반산업단지,(주)알파플렉스,경기도 화성시 송산면 중송리 576-1,기타
화성송산테크노파크일반산업단지,(주)에스엠티,경기도 화성시 송산면 중송리 362-10,전기전자
화성송산테크노파크일반산업단지,(주)에스이씨,경기도 화성시 송산면 지화리 682-4,기타
화성송산테크노파크일반산업단지,(주)에스제이피,경기도 화성시 송산면 중송리 572-2,기타
화성송산테크노파크일반산업단지,(주)에이엠티코리아,경기도 화성시 송산면 중송리 574-4,기타
화성송산테크노파크일반산업단지,(주)에코필텍,경기도 화성시 송산면 중송리 572-3,기타
화성송산테크노파크일반산업단지,(주)엠스페이스,경기도 화성시 송산면 중송리 575-3,전기전자
화성송산테크노파크일반산업단지,(주)영신방재,경기도 화성시 송산면 지화리 686-2,기타
화성송산테크노파크일반산업단지,(주)영신코아스 ,경기도 화성시 송산면 지화리 160-13번지,기타
화성송산테크노파크일반산업단지,(주)우주스틸 ,경기도 화성시 송산면 지화리 160-5,기타
화성송산테크노파크일반산업단지,(주)원터치,경기도 화성시 송산면 중송리 572-10,기타
화성송산테크노파크일반산업단지,(주)원테크엔지니어링,경기도 화성시 송산면 지화리 160-3,기타
화성송산테크노파크일반산업단지,(주)윌스크린앤플랜트 ,경기도 화성시 송산면 중송리 577-3,기타
화성송산테크노파크일반산업단지,(주)유엘신소재,경기도 화성시 송산면 중송리 572-12,전기전자
화성송산테크노파크일반산업단지,(주)유천써모텍 ,경기도 화성시 송산면 지화리 160-13,기타
화성송산테크노파크일반산업단지,(주)이수냉열,경기도 화성시 송산면 중송리 572-11,기타
화성송산테크노파크일반산업단지,(주)이씨티,경기도 화성시 송산면 중송리 574-3,기타
화성송산테크노파크일반산업단지,(주)이지텍,경기도 화성시 송산면 중송리 572-12,전기전자
화성송산테크노파크일반산업단지,(주)이케이프레스,경기도 화성시 송산면 지화리 687-4,기타
화성송산테크노파크일반산업단지,(주)이화,경기도 화성시 송산면 지화리 682-9,기타
화성송산테크노파크일반산업단지,(주)자바머신,경기도 화성시 송산면 중송리 576-2,기타
화성송산테크노파크일반산업단지,(주)조이포코리아,경기도 화성시 송산면 중송리 574,기타
화성송산테크노파크일반산업단지,(주)주노에프에이,경기도 화성시 송산면 지화리 684-5,전기전자
화성송산테크노파크일반산업단지,(주)지원이앤에스,경기도 화성시 송산면 지화리 686-5,기타
화성송산테크노파크일반산업단지,(주)진양,경기도 화성시 송산면 중송리 572-9,위험물등
화성송산테크노파크일반산업단지,(주)코익스텍,경기도 화성시 송산면 중송리 362-8번지,위험물등
화성송산테크노파크일반산업단지,(주)태남에스티,경기도 화성시 송산면 지화리 682-3,기타
화성송산테크노파크일반산업단지,(주)프린테크엘피엠,경기도 화성시 송산면 중송리 575-8 ,위험물등
화성송산테크노파크일반산업단지,(주)프린테크엘피엠(아이엠사업부),경기도 화성시 송산면 중송리 575-8,위험물등
화성송산테크노파크일반산업단지,(주)프린테크엘피엠(아이케이사업부),경기도 화성시 송산면 중송리 362-11,위험물등
화성송산테크노파크일반산업단지,(주)프린테크케이알 ,경기도 화성시 송산면 중송리 362-11,위험물등
화성송산테크노파크일반산업단지,(주)플라믹스,경기도 화성시 송산면 중송리 687-1,위험물등
화성송산테크노파크일반산업단지,(주)피에스에이,경기도 화성시 송산면 지화리 684-7,목재종이출판
화성송산테크노파크일반산업단지,(주)한영,경기도 화성시 송산면 중송리 574,기타
화성송산테크노파크일반산업단지,(주)한울,경기도 화성시 송산면 중송리 362-10번지,전기전자
화성송산테크노파크일반산업단지,(주)현진캐스트,경기도 화성시 송산면 지화리 686-11,기타
화성송산테크노파크일반산업단지,(주)현진캐스트 제2공장,경기도 화성시 송산면 지화리 160-11,기타
화성송산테크노파크일반산업단지,(주)휴메디컬,경기도 화성시 송산면 중송리 572-9,전기전자
화성송산테크노파크일반산업단지,(주)히즈시스템,경기도 화성시 송산면 지화리 160-9번지,기타
화성송산테크노파크일반산업단지,가온하이텍,경기도 화성시 송산면 중송리 572-1,기타
화성송산테크노파크일반산업단지,광명금속,경기도 화성시 송산면 지화리 682-2,기타
화성송산테크노파크일반산업단지,누리공업(주),경기도 화성시 송산면 지화리 160-13,기타
화성송산테크노파크일반산업단지,동성비앤케이(주) ,경기도 화성시 송산면 지화리 160-12,기타
화성송산테크노파크일반산업단지,동일페이퍼(주),경기도 화성시 송산면 지화리 686-13,목재종이출판
화성송산테크노파크일반산업단지,미성정공,경기도 화성시 송산면 지화리 160-3,기타
화성송산테크노파크일반산업단지,미성제관(주),경기도 화성시 송산면 지화리 160-3,기타
화성송산테크노파크일반산업단지,브라스테크,경기도 화성시 송산면 지화리 160-12,기타
화성송산테크노파크일반산업단지,삼원포리머(주),경기도 화성시 송산면 지화리 682-1,기타
화성송산테크노파크일반산업단지,성안기계(주),경기도 화성시 송산면 지화리,목재종이출판
화성송산테크노파크일반산업단지,성우TECH,경기도 화성시 송산면 지화리 686-11,기타
화성송산테크노파크일반산업단지,아성프랜트(주),경기도 화성시 송산면 지화리 682-7,기타
화성송산테크노파크일반산업단지,암스텍,경기도 화성시 송산면 중송리 572-5,기타
화성송산테크노파크일반산업단지,에스이씨(주),경기도 화성시 송산면 지화리 682-4,기타
화성송산테크노파크일반산업단지,에이투에스 주식회사,경기도 화성시 송산면 지화리 684-3,전기전자
화성송산테크노파크일반산업단지,연합정공(주),경기도 화성시 송산면 지화리 684-8,기타
화성송산테크노파크일반산업단지,우성기업(주),경기도 화성시 송산면 중송리 572-6,기타
화성송산테크노파크일반산업단지,원테크,경기도 화성시 송산면 지화리 160-3,기타
화성송산테크노파크일반산업단지,윈솔,경기도 화성시 송산면 지화리 683-7,기타
화성송산테크노파크일반산업단지,유진타워건설(주),경기도 화성시 송산면 지화리 160-3,기타
화성송산테크노파크일반산업단지,이제이테크 주식회사 ,경기도 화성시 송산면 지화리 684-3,전기전자
화성송산테크노파크일반산업단지,정우엔지니어링,경기도 화성시 송산면 지화리 686-1,기타
화성송산테크노파크일반산업단지,제이원테크(주),경기도 화성시 송산면 지화리 684-2,전기전자
화성송산테크노파크일반산업단지,제이원테크(주),경기도 화성시 송산면 중송리 574-4,전기전자
화성송산테크노파크일반산업단지,조은산업,경기도 화성시 송산면 지화리 684-6,기타
화성송산테크노파크일반산업단지,주식회사 신원알루미늄,경기도 화성시 송산면 지화리 686-2,기타
화성송산테크노파크일반산업단지,주식회사 와이즈도어,경기도 화성시 송산면 중송리 572-8,기타
화성송산테크노파크일반산업단지,주식회사 원옥,경기도 화성시 송산면 지화리 683-13,전기전자
화성송산테크노파크일반산업단지,주식회사 자바머신,경기도 화성시 송산면 지화리 160-12,기타
화성송산테크노파크일반산업단지,주식회사 카파테크놀러지,경기도 화성시 송산면 지화리 160-9번지,위험물등
화성송산테크노파크일반산업단지,주영정공(주),경기도 화성시 송산면 지화리 685-7,기타
화성송산테크노파크일반산업단지,창일테크,경기도 화성시 송산면 지화리,기타
화성송산테크노파크일반산업단지,케이에스(주),경기도 화성시 송산면 중송리 574-11,기타
화성송산테크노파크일반산업단지,케이에스엠 ,경기도 화성시 송산면 중송리 572,기타
화성송산테크노파크일반산업단지,케이오제이테크(주),경기도 화성시 송산면 중송리 577-1,기타
화성송산테크노파크일반산업단지,태경테크,경기도 화성시 송산면 중송리 574-5,기타
화성송산테크노파크일반산업단지,티에스엠티(주) ,경기도 화성시 송산면 지화리 160-11,기타
장안제1첨단일반산업단지,(주)대광공업,경기도 화성시 장안면 금의리 762-2,기타
화성동탄도시첨단산업단지,(유)로사리얼티,경기도 화성시 영천동 204-3 9층 903호,기타
화성동탄도시첨단산업단지,(주)거성에스디 ,경기도 화성시 영천동 193-2번지 4층 411 4층 411호,전기전자
화성동탄도시첨단산업단지,(주)경원종합방재,경기도 화성시 영천동 265-2번지 5층 506,전기전자
화성동탄도시첨단산업단지,(주)광진,경기도 화성시 영천동 824-4 219호,기타
화성동탄도시첨단산업단지,(주)구들리애드,경기도 화성시 영천동 265-2 7층 701호,목재종이출판
화성동탄도시첨단산업단지,(주)글로우어스,경기도 화성시 영천동 824-4 601호,전기전자
화성동탄도시첨단산업단지,(주)넥스트그리드,경기도 화성시 영천동 204-3 3층 308호,전기전자
화성동탄도시첨단산업단지,(주)넥스트테크놀러지,경기도 화성시 영천동 343-1,기타
화성동탄도시첨단산업단지,(주)넷츠 ,경기도 화성시 영천동 193-2번지 10층 1016,전기전자
화성동탄도시첨단산업단지,(주)다온크리에이션스,"경기도 화성시 영천동 197 인큐베이팅센터314,315,316호",전기전자
화성동탄도시첨단산업단지,(주)다원디엔에스,경기도 화성시 영천동 265-2 4층 411호 4층 411호,전기전자
화성동탄도시첨단산업단지,(주)더파인 ,경기도 화성시 영천동 193-2번지 6층 614,기타
화성동탄도시첨단산업단지,(주)디지털프론티어 ,경기도 화성시 영천동 193-2 13층 1301호,전기전자
화성동탄도시첨단산업단지,(주)라인테크솔라,경기도 화성시 영천동 193-2 9층 908호,전기전자
화성동탄도시첨단산업단지,(주)랩지노믹스,경기도 화성시 영천동 265-2 3층 301호,기타
화성동탄도시첨단산업단지,(주)레오리아,경기도 화성시 영천동 265-2 7층 707호,기타
화성동탄도시첨단산업단지,(주)레이브,경기도 화성시 영천동 824-4 712호,전기전자
화성동탄도시첨단산업단지,(주)리슨웰,경기도 화성시 영천동 204-3 2층 204호,위험물등
화성동탄도시첨단산업단지,(주)매싼커뮤니케이션,경기도 화성시 영천동 204-3 9층 923호,기타
화성동탄도시첨단산업단지,(주)멜템 ,경기도 화성시 영천동 193-2번지 14층 1401 14층 1401호,기타
화성동탄도시첨단산업단지,(주)모베이스,경기도 화성시 영천동 142-5,기타
화성동탄도시첨단산업단지,(주)미노스코리아,경기도 화성시 영천동 265-2번지 5층 515,기타
화성동탄도시첨단산업단지,(주)바이오포아,경기도 화성시 영천동 205-1번지,기타
화성동탄도시첨단산업단지,(주)베스트환경산업 ,경기도 화성시 영천동 265-2 7층 703호,기타
화성동탄도시첨단산업단지,(주)베프원 ,경기도 화성시 영천동 193-2번지 6층 610,기타
화성동탄도시첨단산업단지,(주)브로젠,경기도 화성시 영천동 193-2 3층 307호,전기전자
화성동탄도시첨단산업단지,(주)비에이치피,경기도 화성시 영천동 193-2번지 5층 506,기타
화성동탄도시첨단산업단지,(주)생명과기술,"경기도 화성시 영천동 265-2번지 9층 913,914,915",기타
화성동탄도시첨단산업단지,(주)서린메디케어,경기도 화성시 영천동 204-1번지 서린글로벌센터 4층,전기전자
화성동탄도시첨단산업단지,(주)서린바이오사이언스,경기도 화성시 영천동 204-1번지,위험물등
화성동탄도시첨단산업단지,(주)선영,경기도 화성시 영천동 265-2번지 동탄비즈타워 (산업 3-1블럭) 265-2 5층 514호,전기전자
화성동탄도시첨단산업단지,(주)세븐엠,경기도 화성시 영천동 193-2,전기전자
화성동탄도시첨단산업단지,(주)세화엔지니어링 ,"경기도 화성시 영천동 193-2번지 4층 415, 416, 423",전기전자
화성동탄도시첨단산업단지,(주)센코,경기도 화성시 영천동 193-2,전기전자
화성동탄도시첨단산업단지,(주)셀맥인터내셔날,경기도 화성시 영천동 206-2번지,섬유의복
화성동탄도시첨단산업단지,(주)솔라플러스컴퍼니,경기도 화성시 영천동 824-4 703호,위험물등
화성동탄도시첨단산업단지,(주)솔트,경기도 화성시 영천동 193-2,기타
화성동탄도시첨단산업단지,(주)신일일렉트로닉스,"경기도 화성시 영천동 193-2 3층 303,304호",기타
화성동탄도시첨단산업단지,(주)씨엔에프글로벌,경기도 화성시 영천동,기타
화성동탄도시첨단산업단지,(주)씨티씨엠 ,경기도 화성시 영천동 193-2번지 4층 403 ,전기전자
화성동탄도시첨단산업단지,(주)아이디어스,경기도 화성시 영천동 824-4 605호,전기전자
화성동탄도시첨단산업단지,(주)아이티에프,경기도 화성시 영천동 265-2번지 6층 608,기타
화성동탄도시첨단산업단지,(주)에스제이웍스 ,경기도 화성시 영천동 193-2번지 15층 1502,기타
화성동탄도시첨단산업단지,(주)에코플랜,경기도 화성시 영천동 265-2번지 9층 911,전기전자
화성동탄도시첨단산업단지,(주)에콜,경기도 화성시 영천동 265-2번지 10층 1010,기타
화성동탄도시첨단산업단지,(주)에프티에치코리아,경기도 화성시 영천동 204-3 3층 302호,전기전자
화성동탄도시첨단산업단지,(주)엔케이씨엘바이오그룹,경기도 화성시 영천동 193-2 14층 1402호,기타
화성동탄도시첨단산업단지,(주)엘림테크놀로지 ,"경기도 화성시 영천동 193-2번지 6층 동탄엠타워 619,620호 ",전기전자
화성동탄도시첨단산업단지,(주)엠빛,"경기도 화성시 영천동 265-2번지 8층 803,804,805",전기전자
화성동탄도시첨단산업단지,(주)엠씨링크,경기도 화성시 영천동 204-3,기타
화성동탄도시첨단산업단지,(주)오르자,경기도 화성시 영천동 193-2 6층 607호,기타
화성동탄도시첨단산업단지,(주)오세샬롬,경기도 화성시 영천동 204-3 9층 921호,기타
화성동탄도시첨단산업단지,(주)오픈에스지,경기도 화성시 영천동 204-3,전기전자
화성동탄도시첨단산업단지,(주)와이앤와이,"경기도 화성시 영천동 265-2번지 7층 709,710,711,712,713,714,715",기타
화성동탄도시첨단산업단지,(주)우정바이오,경기도 화성시 영천동 354,기타
화성동탄도시첨단산업단지,(주)유리시스,경기도 화성시 영천동 204-3,전기전자
화성동탄도시첨단산업단지,(주)유비엠메카트로닉 ,경기도 화성시 영천동 206-2번지,기타
화성동탄도시첨단산업단지,(주)유펠스,경기도 화성시 영천동 193-2 3층 306호,전기전자
화성동탄도시첨단산업단지,(주)이알케이,경기도 화성시 영천동 265-2 5층 507호,전기전자
화성동탄도시첨단산업단지,(주)이엠에스코리아,경기도 화성시 영천동 823-2 1001호,전기전자
화성동탄도시첨단산업단지,(주)젠넷,경기도 화성시 영천동 824-4 603호,전기전자
화성동탄도시첨단산업단지,(주)지앤드아이,경기도 화성시 영천동 265-2 5층 501호,기타
화성동탄도시첨단산업단지,(주)지엠이 ,경기도 화성시 영천동 193-2번지 4층 401 4층 401호,전기전자
화성동탄도시첨단산업단지,(주)카본메이크,경기도 화성시 영천동 265-2 3층 312호,운송장비
화성동탄도시첨단산업단지,(주)케이디에스,경기도 화성시 영천동 193-2번지 16층 1605,전기전자
화성동탄도시첨단산업단지,(주)케이씨이노베이션,경기도 화성시 영천동 188-0,기타
화성동탄도시첨단산업단지,(주)크리브,경기도 화성시 영천동 193-2,기타
화성동탄도시첨단산업단지,(주)태임 ,경기도 화성시 영천동 193-2번지 4층 417,기타
화성동탄도시첨단산업단지,(주)토들리에,경기도 화성시 영천동 824-4 708호,기타
화성동탄도시첨단산업단지,(주)토탈솔루션,경기도 화성시 영천동 824-4 609호,기타
화성동탄도시첨단산업단지,(주)포엠솔루텍,경기도 화성시 영천동 193-2,전기전자
화성동탄도시첨단산업단지,(주)포인트니모,경기도 화성시 영천동 265-2 608호,전기전자
화성동탄도시첨단산업단지,(주)푸른하우징,경기도 화성시 영천동 204-3 7층 729호,기타
화성동탄도시첨단산업단지,(주)플루케,경기도 화성시 영천동 824-4 707호,기타
화성동탄도시첨단산업단지,(주)피엔피,경기도 화성시 영천동 193-2,전기전자
화성동탄도시첨단산업단지,(주)피엘아이,경기도 화성시 영천동 180-3,전기전자
화성동탄도시첨단산업단지,(주)한국소재 ,"경기도 화성시 영천동 193-2번지 10층 1004, 1005",기타
화성동탄도시첨단산업단지,(주)한빛지엘에스,경기도 화성시 영천동 204-3 9층 917호,기타
화성동탄도시첨단산업단지,(주)휴그린,경기도 화성시 영천동 193-2,전기전자
화성동탄도시첨단산업단지,CNS KOREA ,"경기도 화성시 영천동 193-2번지 4층 404, 405",전기전자
화성동탄도시첨단산업단지,JH엔지니어링,경기도 화성시 영천동 204-3 3층 308호,기타
화성동탄도시첨단산업단지,"Neo코리아-721,722,723,724",경기도 화성시 영천동 204-3 7층 721호,기타
화성동탄도시첨단산업단지,강산,경기도 화성시 영천동 193-2 12층 1202호,기타
화성동탄도시첨단산업단지,"강일성-807,808",경기도 화성시 영천동 204-3 8층 807호,기타
화성동탄도시첨단산업단지,건환테크 ,"경기도 화성시 영천동 204-3번지 5층 518,519",기타
화성동탄도시첨단산업단지,김경숙,경기도 화성시 영천동 204-3 4층 409호,기타
화성동탄도시첨단산업단지,"김선배-216,217",경기도 화성시 영천동 204-3 2층 216호,전기전자
화성동탄도시첨단산업단지,김영애 317호,경기도 화성시 영천동 204-3 3층 317호,기타
화성동탄도시첨단산업단지,김영애 318호,경기도 화성시 영천동 204-3 3층 318호,기타
화성동탄도시첨단산업단지,"김창수 422호, 김창수 423호 ","경기도 화성시 영천동 204-3번지 4층 422,423",기타
화성동탄도시첨단산업단지,"김태민-817,818호 ","경기도 화성시 영천동 204-3번지 8층 817,818호 ",전기전자
화성동탄도시첨단산업단지,김태연동탄비즈타워,경기도 화성시 영천동 265-2번지 2층 212,기타
화성동탄도시첨단산업단지,네오센스 인스트루먼트,"경기도 화성시 영천동 265-2번지 10층 1001,1002,1003,1004",기타
화성동탄도시첨단산업단지,네이처컴바인드(주),경기도 화성시 영천동 824-4 701호,전기전자
화성동탄도시첨단산업단지,"다온나래-606,607",경기도 화성시 영천동 204-3 6층 606호,기타
화성동탄도시첨단산업단지,다온산업 ,경기도 화성시 영천동 193-2번지 5층 501,기타
화성동탄도시첨단산업단지,다온테크,경기도 화성시 영천동 193-2번지 B1층 115,전기전자
화성동탄도시첨단산업단지,다올,경기도 화성시 영천동 193-2 12층 1206호,목재종이출판
화성동탄도시첨단산업단지,다울 ,경기도 화성시 영천동 265-2번지 6층 611,기타
화성동탄도시첨단산업단지,다이스디자인웍스,경기도 화성시 영천동 193-2,기타
화성동탄도시첨단산업단지,다트 ,경기도 화성시 영천동 193-2번지 16층 1622,목재종이출판
화성동탄도시첨단산업단지,달 왕복선,"경기도 화성시 영천동 265-2번지 3층 313,314,315",목재종이출판
화성동탄도시첨단산업단지,달눈,경기도 화성시 영천동 193-2,기타
화성동탄도시첨단산업단지,대신메디칼,경기도 화성시 영천동 204-3 9층 915호,기타
화성동탄도시첨단산업단지,대한표준기기,경기도 화성시 영천동 193-2,기타
화성동탄도시첨단산업단지,더블윤스,경기도 화성시 영천동 204-3 2층 203호,기타
화성동탄도시첨단산업단지,더블윤스2,경기도 화성시 영천동 204-3 3층 310호,기타
화성동탄도시첨단산업단지,도담,경기도 화성시 영천동 204-3,기타
화성동탄도시첨단산업단지,동구,경기도 화성시 영천동 193-2 6층 618호,전기전자
화성동탄도시첨단산업단지,동탄with,경기도 화성시 영천동,기타
화성동탄도시첨단산업단지,두현(DH),"경기도 화성시 영천동 265-2번지 2층 209, 210 2층 209, 210호",기타
화성동탄도시첨단산업단지,디앤에스아이홀딩스(주),경기도 화성시 영천동 155-1,기타
화성동탄도시첨단산업단지,디자인드에이아이(주),경기도 화성시 영천동 824-4 604호,기타
화성동탄도시첨단산업단지,딥플라이(주),경기도 화성시 영천동 193-2번지 16층 193-2 16층 1630호,기타
화성동탄도시첨단산업단지,라온모바일테크 ,경기도 화성시 영천동 193-2번지 16층 1604,전기전자
화성동탄도시첨단산업단지,레노텍,경기도 화성시 영천동 265-2번지 9층 908,기타
화성동탄도시첨단산업단지,로지퓨쳐 ,"경기도 화성시 영천동 204-3번지 7층 729호,730호 ",전기전자
화성동탄도시첨단산업단지,루시(Luci),경기도 화성시 영천동 824-4 607호,전기전자
화성동탄도시첨단산업단지,리드세무회계,경기도 화성시 영천동 204-3,기타
화성동탄도시첨단산업단지,마린테크노 ,경기도 화성시 영천동 193-2번지 B1층 111,기타
화성동탄도시첨단산업단지,메모나무 ,경기도 화성시 영천동 204-3번지 3층 305 3층 305호,기타
화성동탄도시첨단산업단지,메이크,경기도 화성시 영천동 204-3,기타
화성동탄도시첨단산업단지,모아 TSU,경기도 화성시 영천동 204-3 9층 913호,기타
화성동탄도시첨단산업단지,모아 TSU,경기도 화성시 영천동 204-3 9층 914호,기타
화성동탄도시첨단산업단지,무스비,경기도 화성시 영천동 204-3 6층 602호,기타
화성동탄도시첨단산업단지,"미강-522,523",경기도 화성시 영천동 204-3 5층 522호,기타
화성동탄도시첨단산업단지,미래를 생각하는 사람들,경기도 화성시 영천동 204-3 3층 303호,전기전자
화성동탄도시첨단산업단지,미래정보 ,경기도 화성시 영천동 204-3번지 B1층 B111,기타
화성동탄도시첨단산업단지,미소테크,경기도 화성시 영천동 265-2번지 10층 1006,전기전자
화성동탄도시첨단산업단지,박신혜 ,경기도 화성시 영천동 204-3번지 4층 424,기타
화성동탄도시첨단산업단지,백성복,경기도 화성시 영천동 204-3,기타
화성동탄도시첨단산업단지,"보성-801,802,803,804,805,806",경기도 화성시 영천동 204-3 8층 801호 8층 801호,기타
화성동탄도시첨단산업단지,부자세무회계 ,"경기도 화성시 영천동 0번지 지원10-1, 동탄첨단산업단지 퍼스트코리아 301,813,814,815,816호",기타
화성동탄도시첨단산업단지,"비201,비202호",경기도 화성시 영천동 204-3 B2층 B201호,기타
화성동탄도시첨단산업단지,비긴즈,경기도 화성시 영천동 5층 530호,기타
화성동탄도시첨단산업단지,비에스티(주),"경기도 화성시 영천동 265-2번지 4층 413,414,415 4층 413,414,415호",전기전자
화성동탄도시첨단산업단지,비에이연구소 ,경기도 화성시 영천동 204-3번지 4층 410,기타
화성동탄도시첨단산업단지,비전프린테크,경기도 화성시 영천동 193-2,목재종이출판
화성동탄도시첨단산업단지,삼화포장기계,경기도 화성시 영천동 265-2 2층 215호 2층 215호,기타
화성동탄도시첨단산업단지,상도 인터내셔널,경기도 화성시 영천동 193-2 12층 1216호,기타
화성동탄도시첨단산업단지,선테크 ,경기도 화성시 영천동 193-2번지 7층 708호 ,기타
화성동탄도시첨단산업단지,선한,경기도 화성시 영천동 204-3 2층 206호,기타
화성동탄도시첨단산업단지,성원비엠씨(주),경기도 화성시 영천동 204-3 4층 416호,기타
화성동탄도시첨단산업단지,세덱스(SEDECS) ,"경기도 화성시 영천동 204-3번지 4층 436,437",전기전자
화성동탄도시첨단산업단지,"세림 520, 521",경기도 화성시 영천동 204-3 5층 520호,기타
화성동탄도시첨단산업단지,세무회계 이담,경기도 화성시 영천동 204-3 2층 208호,기타
화성동탄도시첨단산업단지,세화디자인,경기도 화성시 영천동 204-3 8층 829호,기타
화성동탄도시첨단산업단지,센서클라우드(주),경기도 화성시 영천동 193-2,기타
화성동탄도시첨단산업단지,셈틀 ,경기도 화성시 영천동 204-3,기타
화성동탄도시첨단산업단지,"수진뷰티랩-402,403,404,405 ","경기도 화성시 영천동 204-3번지 4층 402,403.404,405",기타
화성동탄도시첨단산업단지,스카이 ,"경기도 화성시 영천동 204-3번지 8층 809,810,811,812",기타
화성동탄도시첨단산업단지,시온하이텍,경기도 화성시 영천동 204-3 9층 920호,기타
화성동탄도시첨단산업단지,"신미식-819,820호 ","경기도 화성시 영천동 204-3번지 8층 819,820호 ",전기전자
화성동탄도시첨단산업단지,씨에스,경기도 화성시 영천동 265-2번지 3층 310,기타
화성동탄도시첨단산업단지,씨엔시스 ,경기도 화성시 영천동 193-2번지 5층 507,전기전자
화성동탄도시첨단산업단지,씨엠디(CMD) ,경기도 화성시 영천동 193-2번지 5층 506,기타
화성동탄도시첨단산업단지,알제이크립토(주),경기도 화성시 영천동 824-4 702호,전기전자
화성동탄도시첨단산업단지,어바웃팩토리,경기도 화성시 영천동,전기전자
화성동탄도시첨단산업단지,에너로 ,경기도 화성시 영천동 193-2번지 9층 904,전기전자
화성동탄도시첨단산업단지,에스디솔루션,경기도 화성시 영천동 265-2 5층 509호,전기전자
화성동탄도시첨단산업단지,에스비파트너스,경기도 화성시 영천동 204-3 7층 731호,기타
화성동탄도시첨단산업단지,에스엠아이,경기도 화성시 영천동 204-3 6층 620호,기타
화성동탄도시첨단산업단지,에이디머트리얼 ,경기도 화성시 영천동 193-2번지 B1층 117,전기전자
화성동탄도시첨단산업단지,에이에스엠케이(주),경기도 화성시 영천동 268번지,전기전자
화성동탄도시첨단산업단지,에이에스이코리아(주),경기도 화성시 영천동 204-3,전기전자
화성동탄도시첨단산업단지,에이원(A1),경기도 화성시 영천동 193-2번지 15층 1508,운송장비
화성동탄도시첨단산업단지,에이원티 ,경기도 화성시 영천동 193-2번지 6층 621,기타
화성동탄도시첨단산업단지,에이치앤제이,경기도 화성시 영천동 824-4 709호,기타
화성동탄도시첨단산업단지,에이치에스테크주식회사 ,경기도 화성시 영천동 193-2번지 3층 301 ,전기전자
화성동탄도시첨단산업단지,에이치엘비생명과학(주),경기도 화성시 영천동 193-2 8층 801호,기타
화성동탄도시첨단산업단지,에코존코리아(주),경기도 화성시 영천동 265-2번지 10층 1012,기타
화성동탄도시첨단산업단지,에프에스테크 ,경기도 화성시 영천동 193-2번지 10층 1015,전기전자
화성동탄도시첨단산업단지,엠앤에이치바이오(주) ,경기도 화성시 영천동 265-2번지 6층 609 ,기타
화성동탄도시첨단산업단지,엠에스글로벌 ,"경기도 화성시 영천동 204-3번지 2층 202, 219",기타
화성동탄도시첨단산업단지,엠에스에이치(MSH),"경기도 화성시 영천동 265-2번지 8층 809,810",기타
화성동탄도시첨단산업단지,엠에스에이치(MSH),경기도 화성시 영천동 193-2 7층 703호,기타
화성동탄도시첨단산업단지,엠에스케이테크놀러지(주) ,경기도 화성시 영천동 193-2번지 15층 193-2 15층 1522호,전기전자
화성동탄도시첨단산업단지,엠에이치 ,경기도 화성시 영천동 193-2번지 15층 1527,전기전자
화성동탄도시첨단산업단지,엠엔피테크 ,경기도 화성시 영천동 193-2번지 16층 193-2,전기전자
화성동탄도시첨단산업단지,영엔테크(주) ,경기도 화성시 영천동 193-2번지 4층 406 ,전기전자
화성동탄도시첨단산업단지,영지 ,경기도 화성시 영천동 193-2,기타
화성동탄도시첨단산업단지,오성시스템,경기도 화성시 영천동 265-2 10층 1005호,전기전자
화성동탄도시첨단산업단지,오엔정보시스템,경기도 화성시 영천동 204-3 10층 1001호,기타
화성동탄도시첨단산업단지,와이케이 인터내셔널,경기도 화성시 영천동 265-2 7층층 708호,기타
화성동탄도시첨단산업단지,우도닷컴(주),"경기도 화성시 영천동 265-2번지 8층 811,812",전기전자
화성동탄도시첨단산업단지,우리스페셜티,경기도 화성시 영천동 265-2번지 9층 907,기타
화성동탄도시첨단산업단지,웰빙몰,경기도 화성시 영천동 204-3 6층 626호,기타
화성동탄도시첨단산업단지,"윤여춘-825,826호",경기도 화성시 영천동 204-3번지 8층 825,전기전자
화성동탄도시첨단산업단지,"이광국-632,633,634 ","경기도 화성시 영천동 204-3번지 6층 632,633,634",기타
화성동탄도시첨단산업단지,이비엠,경기도 화성시 영천동 204-3 B1층 105호,기타
화성동탄도시첨단산업단지,"이유빈-420,421호 ","경기도 화성시 영천동 204-3번지 4층 420,421",기타
화성동탄도시첨단산업단지,"이자연-725,726호 ","경기도 화성시 영천동 204-3번지 7층 725,726호 ",기타
화성동탄도시첨단산업단지,이창희-213호,경기도 화성시 영천동 204-3 2층 213호,기타
화성동탄도시첨단산업단지,이택종 214호,경기도 화성시 영천동 204-3번지 2층 214,기타
화성동탄도시첨단산업단지,이현진-B124호,경기도 화성시 영천동 204-3 B1층 124호,기타
화성동탄도시첨단산업단지,장숙 ,"경기도 화성시 영천동 204-3번지 6층 608,609,614,615",기타
화성동탄도시첨단산업단지,재단법인 화성산업진흥원,"경기도 화성시 영천동 824-4 인큐베이팅센터 201~203호, 221호, 222호(메이커스페이스)",기타
화성동탄도시첨단산업단지,재단법인 화성산업진흥원,경기도 화성시 영천동 824-4 601호,기타
화성동탄도시첨단산업단지,재단법인 화성시연구원,경기도 화성시 영천동 824-4 401호,기타
화성동탄도시첨단산업단지,정희소프트,경기도 화성시 영천동 204-3,기타
화성동탄도시첨단산업단지,제이디앤에스 ,"경기도 화성시 영천동 204-3번지 7층 701,702,703,704호 ",기타
화성동탄도시첨단산업단지,제이씨컴퍼니 ,"경기도 화성시 영천동 204-3번지 5층 526,527,528,529호  5층 526,527,528,529호호",기타
화성동탄도시첨단산업단지,제이아이티정보,경기도 화성시 영천동 204-3,전기전자
화성동탄도시첨단산업단지,제이에스,경기도 화성시 영천동 204-3 5층 501호,기타
화성동탄도시첨단산업단지,제이에스테크 ,경기도 화성시 영천동 193-2번지 16층 1611,목재종이출판
화성동탄도시첨단산업단지,주식회사 다온라벨 ,경기도 화성시 영천동 193-2번지 5층 501  5층 501 호,기타
화성동탄도시첨단산업단지,주식회사 더유엠에스,경기도 화성시 영천동 824-4 320호,전기전자
화성동탄도시첨단산업단지,주식회사 더좋은사람,경기도 화성시 영천동 265-2 3층 314호,기타
화성동탄도시첨단산업단지,주식회사 씨엔에스 ,경기도 화성시 영천동 265-2 4층 410호 4층 410호,기타
화성동탄도시첨단산업단지,주식회사 에이디플러스 ,"경기도 화성시 영천동 193-2번지 B1층 118, 119 ",전기전자
화성동탄도시첨단산업단지,주식회사 에코템,경기도 화성시 영천동 265-2번지 8층 811,전기전자
화성동탄도시첨단산업단지,주식회사 제이에스티일렉트로닉스 ,경기도 화성시 영천동 193-2 15층 1514호,전기전자
화성동탄도시첨단산업단지,주식회사 제이엘티 ,경기도 화성시 영천동 193-2번지 4층 413 414 4층 413 414호,기타
화성동탄도시첨단산업단지,주식회사 최고 ,"경기도 화성시 영천동 193-2번지 10층 1006, 514, 515",기타
화성동탄도시첨단산업단지,주식회사 크루스텍 ,"경기도 화성시 영천동 193-2번지 B2층 B208,B209,B210,B211,B212호 ",목재종이출판
화성동탄도시첨단산업단지,주식회사 포춘랜드 동탄지점 ,"경기도 화성시 영천동 204-3번지 6층 624,625호 ",기타
화성동탄도시첨단산업단지,지구코리아 210,경기도 화성시 영천동 204-3 2층 210호,기타
화성동탄도시첨단산업단지,지구코리아 211,경기도 화성시 영천동 204-3 2층 211호,기타
화성동탄도시첨단산업단지,지구코리아 212,경기도 화성시 영천동 204-3 2층 212호,기타
화성동탄도시첨단산업단지,지앤솔루션 ,"경기도 화성시 영천동 204-3번지 1동 5층 516,517 ",기타
화성동탄도시첨단산업단지,지엔아이파트너스,"경기도 화성시 영천동 265-2번지 5층 501,502,503",기타
화성동탄도시첨단산업단지,창대 ,경기도 화성시 영천동 204-3번지 3층 309,기타
화성동탄도시첨단산업단지,"최춘자-506,507,508,509,510,511호 ",경기도 화성시 영천동 204-3번지 5층 507,기타
화성동탄도시첨단산업단지,케이디메카 ,경기도 화성시 영천동 193-2번지 16층 1606,목재종이출판
화성동탄도시첨단산업단지,케이디테크 ,경기도 화성시 영천동 193-2번지 16층 1601,전기전자
화성동탄도시첨단산업단지,코멧(COMET),경기도 화성시 영천동 824-4 307호,기타
화성동탄도시첨단산업단지,테라피코테크,경기도 화성시 영천동 193-2,기타
화성동탄도시첨단산업단지,팀&컴퍼니,경기도 화성시 영천동 204-3 B1층 101호,기타
화성동탄도시첨단산업단지,팀컴퍼니,"경기도 화성시 영천동 265-2번지 8층 801,802",기타
화성동탄도시첨단산업단지,퍼스트소프트,경기도 화성시 영천동 204-3,기타
화성동탄도시첨단산업단지,퍼펙트산업(주) ,경기도 화성시 영천동 193-2번지 15층 1511,전기전자
화성동탄도시첨단산업단지,"포코-821, ,822, 823, 824",경기도 화성시 영천동 204-3,기타
화성동탄도시첨단산업단지,플란제코리아에이치피엠 주식회사,경기도 화성시 영천동 346-1번지,기타
화성동탄도시첨단산업단지,피에이치솔루션 ,"경기도 화성시 영천동 204-3번지 1동 4층 434,435호 ",기타
화성동탄도시첨단산업단지,피엔씨테크 주식회사,경기도 화성시 영천동 823-2 420호,전기전자
화성동탄도시첨단산업단지,필립이엔씨,"경기도 화성시 영천동 265-2번지 8층 813,814,815",기타
화성동탄도시첨단산업단지,하나레이저테크(주),경기도 화성시 영천동 221-1,기타
화성동탄도시첨단산업단지,하나산업(주),경기도 화성시 영천동 180-3,기타
화성동탄도시첨단산업단지,하마마츠포토닉스코리아(주),영천동 343-1,전기전자
화성동탄도시첨단산업단지,한국목업,경기도 화성시 영천동 193-2,기타
화성동탄도시첨단산업단지,한국알앤디,"경기도 화성시 영천동 265-2번지 8층 806,807,808",기타
화성동탄도시첨단산업단지,한국화학융합시험연구원 화성,경기도 화성시 영천동 824-4 1층,기타
화성동탄도시첨단산업단지,한미인쇄,경기도 화성시 영천동 265-2번지 5층 514,기타
화성동탄도시첨단산업단지,한샘아트웍,경기도 화성시 영천동 204-3,기타
화성동탄도시첨단산업단지,현중테크 ,경기도 화성시 영천동 193-2번지 7층 705,기타
화성동탄도시첨단산업단지,형우-201,경기도 화성시 영천동 204-3 2층 201호,기타
화성동탄도시첨단산업단지,"혜종-524,525",경기도 화성시 영천동 204-3 5층 524호,기타
화성동탄도시첨단산업단지,화원 ,경기도 화성시 영천동 204-3번지 3층 304,기타
화성동탄도시첨단산업단지,후렉스산업 ,경기도 화성시 영천동 193-2번지 5층 513,기타
화성동탄도시첨단산업단지,휴먼테크늄,경기도 화성시 영천동 265-2번지 2층 211,기타
화성동탄도시첨단산업단지,휴먼포텐셜(HIPDS),경기도 화성시 영천동 824-4 713호,기타
